"Tender/Ref No.","Title","Agency","Procurement Category","Source","Scope Summary","Publish Date/Time","Closing Date/Time","Status","Link"
"MOESCHETQ26004287","Rulang Primary School is looking for a v.endor to provide and operate as on-site Bookshop from 2027 to 2029","Ministry of Education - Schools","Facilities Management ⇒ Management Services","GeBIZ","Quotation (GeBIZ listing)","01 Oct 2026 03:20 PM","12 Oct 2026 01:00PM","Open","https://www.gebiz.gov.sg/ptn/opportunity/directlink.xhtml?docCode=MOESCHETQ26004287"
"RPO000ETQ26000102","Quotation for the provision of Archery Trainer for Archery IG for OSG","Republic Polytechnic","Services ⇒ Professional Services","GeBIZ","Quotation (GeBIZ listing)","01 Oct 2026 03:05 PM","12 Oct 2026 01:00PM","Open","https://www.gebiz.gov.sg/ptn/opportunity/directlink.xhtml?docCode=RPO000ETQ26000102"
"MOESCHETQ26004434","Dragon Boating Programme for Secondary Four Education for Life (EFL) Camp 2027","Ministry of Education - Schools","Administration & Training ⇒ Courses","GeBIZ","Quotation (GeBIZ listing)","01 Oct 2026 03:05 PM","12 Oct 2026 01:00PM","Open","https://www.gebiz.gov.sg/ptn/opportunity/directlink.xhtml?docCode=MOESCHETQ26004434"
"MOESCHETQ26004380","PROVISION OF AD-HOC BUS TRANSPORT SERVICES FOR PEIYING PRIMARY SCHOOL YEAR 2027","Ministry of Education - Schools","Transportation ⇒ Bus Hire","GeBIZ","Quotation (GeBIZ listing)","01 Oct 2026 02:50 PM","12 Oct 2026 01:00PM","Open","https://www.gebiz.gov.sg/ptn/opportunity/directlink.xhtml?docCode=MOESCHETQ26004380"
"MOESCHETQ26004427","Provision of In-House Printing Services in South View Primary School (1 Jan 2027 - 31 Dec 2027)","Ministry of Education - Schools","Services ⇒ Data Entry, Supply of Manpower Services","GeBIZ","Quotation (GeBIZ listing)","01 Oct 2026 02:35 PM","12 Oct 2026 01:00PM","Open","https://www.gebiz.gov.sg/ptn/opportunity/directlink.xhtml?docCode=MOESCHETQ26004427"
"MOESCHETQ26004419","Supply of Instructors for Basketball CCA from Jan 2027 to Dec 2028","Ministry of Education - Schools","Services ⇒ Data Entry, Supply of Manpower Services","GeBIZ","Quotation (GeBIZ listing)","01 Oct 2026 02:35 PM","12 Oct 2026 01:00PM","Open","https://www.gebiz.gov.sg/ptn/opportunity/directlink.xhtml?docCode=MOESCHETQ26004419"
"MOESCHETQ26004430","Supply of Instructors for Conversational Malay Programme in Pei Hwa Presbyterian Primary School","Ministry of Education - Schools","Administration & Training ⇒ Courses","GeBIZ","Quotation (GeBIZ listing)","01 Oct 2026 02:20 PM","12 Oct 2026 01:00PM","Open","https://www.gebiz.gov.sg/ptn/opportunity/directlink.xhtml?docCode=MOESCHETQ26004430"
"MOESCHETQ26004420","Supply of Instructor for Tennis CCA Training Programme in Nanyang Junior College","Ministry of Education - Schools","Services ⇒ Data Entry, Supply of Manpower Services","GeBIZ","Quotation (GeBIZ listing)","01 Oct 2026 02:05 PM","12 Oct 2026 01:00PM","Open","https://www.gebiz.gov.sg/ptn/opportunity/directlink.xhtml?docCode=MOESCHETQ26004420"
"PAS000ETQ26000045","Invitation to Quote for Our Tampines Hub Ramadan Bazaar 2027","People's Association","Event Organising, Food & Beverages ⇒ Event Organising","GeBIZ","Quotation (GeBIZ listing)","01 Oct 2026 02:05 PM","12 Oct 2026 01:00PM","Open","https://www.gebiz.gov.sg/ptn/opportunity/directlink.xhtml?docCode=PAS000ETQ26000045"
"MOESCHETQ26004428","Supply of Instructor for Cheerleading CCA Programme in Alexandra Primary School in 2027 with option year 2028 to May 2029","Ministry of Education - Schools","Services ⇒ Data Entry, Supply of Manpower Services","GeBIZ","Quotation (GeBIZ listing)","01 Oct 2026 01:50 PM","12 Oct 2026 01:00PM","Open","https://www.gebiz.gov.sg/ptn/opportunity/directlink.xhtml?docCode=MOESCHETQ26004428"
"MOESCHETQ26004426","Supply of Instructor for Modern Dance CCA Programme in Alexandra Primary School from 2027 to May 2028","Ministry of Education - Schools","Services ⇒ Data Entry, Supply of Manpower Services","GeBIZ","Quotation (GeBIZ listing)","01 Oct 2026 01:50 PM","12 Oct 2026 01:00PM","Open","https://www.gebiz.gov.sg/ptn/opportunity/directlink.xhtml?docCode=MOESCHETQ26004426"
"MOESCHETQ26004425","Supply of Instructor for Percussion Ensemble CCA Programme in Alexandra Primary School from 2027 to May 2028","Ministry of Education - Schools","Services ⇒ Data Entry, Supply of Manpower Services","GeBIZ","Quotation (GeBIZ listing)","01 Oct 2026 01:50 PM","12 Oct 2026 01:00PM","Open","https://www.gebiz.gov.sg/ptn/opportunity/directlink.xhtml?docCode=MOESCHETQ26004425"
"MOESCHETQ26004402","Provision of Instructor for Basketball CCA in Kheng Cheng School","Ministry of Education - Schools","Services ⇒ Data Entry, Supply of Manpower Services","GeBIZ","Quotation (GeBIZ listing)","01 Oct 2026 01:50 PM","12 Oct 2026 01:00PM","Open","https://www.gebiz.gov.sg/ptn/opportunity/directlink.xhtml?docCode=MOESCHETQ26004402"
"MOESCHETQ26004424","Supply of Instructor for Ensemble Guitar CCA Programme in Alexandra Primary School from 2027 to 2028","Ministry of Education - Schools","Services ⇒ Data Entry, Supply of Manpower Services","GeBIZ","Quotation (GeBIZ listing)","01 Oct 2026 01:50 PM","12 Oct 2026 01:00PM","Open","https://www.gebiz.gov.sg/ptn/opportunity/directlink.xhtml?docCode=MOESCHETQ26004424"
"MOESCHETQ26004421","Provision of Instructor for Track & Field CCA in Kheng Cheng School","Ministry of Education - Schools","Services ⇒ Data Entry, Supply of Manpower Services","GeBIZ","Quotation (GeBIZ listing)","01 Oct 2026 01:50 PM","12 Oct 2026 01:00PM","Open","https://www.gebiz.gov.sg/ptn/opportunity/directlink.xhtml?docCode=MOESCHETQ26004421"
"MOESCHETQ26004423","Supply of Instructor for Choir CCA Programme in Alexandra Primary School from 2027 to 2028","Ministry of Education - Schools","Services ⇒ Data Entry, Supply of Manpower Services","GeBIZ","Quotation (GeBIZ listing)","01 Oct 2026 01:50 PM","12 Oct 2026 01:00PM","Open","https://www.gebiz.gov.sg/ptn/opportunity/directlink.xhtml?docCode=MOESCHETQ26004423"
"MOESCHETQ26004422","Supply of Instructor for Table Tennis CCA Programme in Alexandra Primary School in 2027 with option year 2028","Ministry of Education - Schools","Services ⇒ Data Entry, Supply of Manpower Services","GeBIZ","Quotation (GeBIZ listing)","01 Oct 2026 01:35 PM","12 Oct 2026 01:00PM","Open","https://www.gebiz.gov.sg/ptn/opportunity/directlink.xhtml?docCode=MOESCHETQ26004422"
"MOESCHETQ26004413","SUPPLY OF INSTRUCTORS FOR CHINESE ORCHESTRA CCA IN 2027 WITH OPTION TO RENEW IN 2028 AND 2029","Ministry of Education - Schools","Services ⇒ Data Entry, Supply of Manpower Services","GeBIZ","Quotation (GeBIZ listing)","01 Oct 2026 01:35 PM","12 Oct 2026 01:00PM","Open","https://www.gebiz.gov.sg/ptn/opportunity/directlink.xhtml?docCode=MOESCHETQ26004413"
"MOESCHETQ26004398","Provision of Operator to Support In-House Printing Needs for Park View Pri Sch (1 Jan 2027 - 31 Dec 2027)","Ministry of Education - Schools","Services ⇒ Data Entry, Supply of Manpower Services","GeBIZ","Quotation (GeBIZ listing)","01 Oct 2026 01:35 PM","12 Oct 2026 01:00PM","Open","https://www.gebiz.gov.sg/ptn/opportunity/directlink.xhtml?docCode=MOESCHETQ26004398"
"DEFNGPP7126101843","Provision of Meals and Related Services","Ministry of Defence 6","Miscellaneous ⇒ Others","GeBIZ","","01 Oct 2026 01:05 PM","26 Oct 2026 04:00PM","Open","https://www.gebiz.gov.sg/ptn/opportunity/directlink.xhtml?docCode=DEFNGPP7126101843"
"MOESCHETQ26004139","Provision of School Uniform & School House Tee Shirts Services (2027-2029) in Jurong Pioneer Junior College","Ministry of Education - Schools","Services ⇒ Tailoring","GeBIZ","Quotation (GeBIZ listing)","01 Oct 2026 12:50 PM","14 Oct 2026 01:00PM","Open","https://www.gebiz.gov.sg/ptn/opportunity/directlink.xhtml?docCode=MOESCHETQ26004139"
"MOESCHETQ26004370","Dunman High School - Supply Of Instructors For Softball (Main Coach and Assistant Coach) CCA Programme For A Period Of One Year","Ministry of Education - Schools","Services ⇒ Data Entry, Supply of Manpower Services","GeBIZ","Quotation (GeBIZ listing)","01 Oct 2026 12:35 PM","12 Oct 2026 01:00PM","Open","https://www.gebiz.gov.sg/ptn/opportunity/directlink.xhtml?docCode=MOESCHETQ26004370"
"TOT000ETT26000011","INVITATION TO TENDER FOR PRODUCTION OF TOTE BOARD'S ANNUAL REPORT","Tote Board","Administration & Training ⇒ Publications & Periodicals","GeBIZ","Tender (GeBIZ listing)","01 Oct 2026 12:20 PM","14 Oct 2026 04:00PM","Open","https://www.gebiz.gov.sg/ptn/opportunity/directlink.xhtml?docCode=TOT000ETT26000011"
"MOESCHETQ26004418","Provision of Instructors for Robotics CCA 2027 with option to renew for 2028 and 2029","Ministry of Education - Schools","Services ⇒ Data Entry, Supply of Manpower Services","GeBIZ","Quotation (GeBIZ listing)","01 Oct 2026 12:20 PM","12 Oct 2026 01:00PM","Open","https://www.gebiz.gov.sg/ptn/opportunity/directlink.xhtml?docCode=MOESCHETQ26004418"
"NLB000ETT26000032","INVITATION TO TENDER FOR FACADE WORKS FOR A SITE FOR THE NATIONAL LIBRARY BOARD, SINGAPORE","National Library Board","Facilities Management ⇒ Building, M&E Maintenance","GeBIZ","Tender (GeBIZ listing)","01 Oct 2026 11:50 AM","23 Oct 2026 04:00PM","Open","https://www.gebiz.gov.sg/ptn/opportunity/directlink.xhtml?docCode=NLB000ETT26000032"
"FOR000ETQ26000041","Procurement of Bahasa Melayu Training Services for Two MFA Officers","Ministry of Foreign Affairs","Administration & Training ⇒ Courses","GeBIZ","Quotation (GeBIZ listing)","01 Oct 2026 11:50 AM","12 Oct 2026 01:00PM","Open","https://www.gebiz.gov.sg/ptn/opportunity/directlink.xhtml?docCode=FOR000ETQ26000041"
"MOESCHETQ26004401","Supply of Instructor for EncoRe P1 Speech and Drama Programme in New Town Primary School for Year 2027","Ministry of Education - Schools","Services ⇒ Data Entry, Supply of Manpower Services","GeBIZ","Quotation (GeBIZ listing)","01 Oct 2026 11:35 AM","12 Oct 2026 01:00PM","Open","https://www.gebiz.gov.sg/ptn/opportunity/directlink.xhtml?docCode=MOESCHETQ26004401"
"MOESCHETQ26004416","HONG WEN SCHOOL - PROCUREMENT OF MANPOWER SERVICES (SCIENCE LABORATORY ASSISTANT) IN 2027 WITH THE OPTION TO EXTEND FOR 2028","Ministry of Education - Schools","Services ⇒ Data Entry, Supply of Manpower Services","GeBIZ","Quotation (GeBIZ listing)","01 Oct 2026 11:20 AM","12 Oct 2026 01:00PM","Open","https://www.gebiz.gov.sg/ptn/opportunity/directlink.xhtml?docCode=MOESCHETQ26004416"
"MOESCHETQ26004415","HONG WEN SCHOOL: SUPPLY OF MANPOWER SERVICES (ADMINISTRATION SUPPORT OFFICER) FOR 2027 WITH THE OPTION TO EXTEND FOR 2028","Ministry of Education - Schools","Services ⇒ Data Entry, Supply of Manpower Services","GeBIZ","Quotation (GeBIZ listing)","01 Oct 2026 11:20 AM","12 Oct 2026 01:00PM","Open","https://www.gebiz.gov.sg/ptn/opportunity/directlink.xhtml?docCode=MOESCHETQ26004415"
"MOESCHETQ26004414","Hong Wen School Procurement of Ad Hoc bus transport services in 2027","Ministry of Education - Schools","Transportation ⇒ Bus Hire","GeBIZ","Quotation (GeBIZ listing)","01 Oct 2026 11:20 AM","12 Oct 2026 01:00PM","Open","https://www.gebiz.gov.sg/ptn/opportunity/directlink.xhtml?docCode=MOESCHETQ26004414"
"MOESCHETQ26004383","Supply of Track & Field Instructor (Main Instructor)","Ministry of Education - Schools","Services ⇒ Data Entry, Supply of Manpower Services","GeBIZ","Quotation (GeBIZ listing)","01 Oct 2026 11:20 AM","12 Oct 2026 01:00PM","Open","https://www.gebiz.gov.sg/ptn/opportunity/directlink.xhtml?docCode=MOESCHETQ26004383"
"HSA000ETT26000053","INVITATION TO TENDER FOR PROVISION OF GENETIC TESTING SERVICES TO FORENSIC MEDICINE DIVISION MORTUARY","Health Sciences Authority","Dental, Medical & Laboratory ⇒ Others","GeBIZ","Tender (GeBIZ listing)","01 Oct 2026 11:05 AM","14 Oct 2026 04:00PM","Open","https://www.gebiz.gov.sg/ptn/opportunity/directlink.xhtml?docCode=HSA000ETT26000053"
"MOESCHETQ26004373","Provision of Landscape Maintenance Services for gardens at WWPS from 1 Jan 2027 to 31 Dec 2027, with option to extend from 1 Jan 2028 to 31 Dec 2028","Ministry of Education - Schools","Facilities Management ⇒ Horticulture Works","GeBIZ","Quotation (GeBIZ listing)","01 Oct 2026 11:05 AM","15 Oct 2026 01:00PM","Open","https://www.gebiz.gov.sg/ptn/opportunity/directlink.xhtml?docCode=MOESCHETQ26004373"
"MOESCHETQ26004405","ITQ for supply of Swimming Instructor for 2 years Swimming Training Programme in Anglo-Chinese Junior College with option to extend 2 years","Ministry of Education - Schools","Services ⇒ Data Entry, Supply of Manpower Services","GeBIZ","Quotation (GeBIZ listing)","01 Oct 2026 10:50 AM","12 Oct 2026 01:00PM","Open","https://www.gebiz.gov.sg/ptn/opportunity/directlink.xhtml?docCode=MOESCHETQ26004405"
"MOESCHETQ26004400","Supply of Instructor for Symphonic Band CCA Programme 2027 in Bedok South Secondary School","Ministry of Education - Schools","Services ⇒ Data Entry, Supply of Manpower Services","GeBIZ","Quotation (GeBIZ listing)","01 Oct 2026 09:50 AM","12 Oct 2026 01:00PM","Open","https://www.gebiz.gov.sg/ptn/opportunity/directlink.xhtml?docCode=MOESCHETQ26004400"
"NPO000ETQ26000124","(FY26/FMS/002x/ITQ) Replacement of LiveSound Audio Consoles","Ngee Ann Polytechnic","Furniture, Office Equipment & Audio-Visual ⇒ AV Equipment, Photographic Equipment & Accessories","GeBIZ","Quotation (GeBIZ listing)","01 Oct 2026 09:20 AM","12 Oct 2026 01:00PM","Open","https://www.gebiz.gov.sg/ptn/opportunity/directlink.xhtml?docCode=NPO000ETQ26000124"
"MOESCHETQ26004388","In-house Printing Services with Manpower and Photocopy Machines from 01 Jan 2027 to 31 Dec 2027","Ministry of Education - Schools","Services ⇒ Data Entry, Supply of Manpower Services","GeBIZ","Quotation (GeBIZ listing)","01 Oct 2026 07:05 AM","12 Oct 2026 01:00PM","Open","https://www.gebiz.gov.sg/ptn/opportunity/directlink.xhtml?docCode=MOESCHETQ26004388"
"MOESCHETQ26004350","Supply of Badminton CCA Training Programme instructors for 2027","Ministry of Education - Schools","Services ⇒ Data Entry, Supply of Manpower Services","GeBIZ","Quotation (GeBIZ listing)","01 Oct 2026 07:05 AM","12 Oct 2026 01:00PM","Open","https://www.gebiz.gov.sg/ptn/opportunity/directlink.xhtml?docCode=MOESCHETQ26004350"
"DEFNGPP7126101874","ENGAGEMENT OF PROFESSIONAL ENGINEER (ELECTRICAL)","Ministry of Defence 6","Miscellaneous ⇒ Others","GeBIZ","","01 Oct 2026 12:05 AM","12 Oct 2026 01:00PM","Open","https://www.gebiz.gov.sg/ptn/opportunity/directlink.xhtml?docCode=DEFNGPP7126101874"
"CCYNYCETQ26000023","ITQ FOR SUPPLY AND DELIVERY OF ESSENTIAL ITEMS FOR A PERIOD OF 3 YEAR(S)","Ministry of Culture, Community and Youth - National Youth Council","Administration & Training ⇒ Sports & Recreational Equipment","GeBIZ","Quotation (GeBIZ listing)","01 Oct 2026 12:05 AM","16 Oct 2026 01:00PM","Open","https://www.gebiz.gov.sg/ptn/opportunity/directlink.xhtml?docCode=CCYNYCETQ26000023"
"NPO000ETQ26000125","(FY26/EES/047x/ITQ) Repainting to Blocks 39, 40, 43, 44, 54 and LT 38 & 45.","Ngee Ann Polytechnic","Facilities Management ⇒ Building, M&E Maintenance","GeBIZ","Quotation (GeBIZ listing)","01 Oct 2026 12:05 AM","15 Oct 2026 01:00PM","Open","https://www.gebiz.gov.sg/ptn/opportunity/directlink.xhtml?docCode=NPO000ETQ26000125"
"HLTHQ0ETT26000040","ITT for NSC Works for Design, Supply and Installation of Central Sterile Supply Department Works for Proposed Tengah General and Community Hospital","Ministry of Health-Ministry Headquarter","Construction ⇒ Others","GeBIZ","Tender (GeBIZ listing)","30 Sep 2026 05:50 PM","30 Oct 2026 04:00PM","Open","https://www.gebiz.gov.sg/ptn/opportunity/directlink.xhtml?docCode=HLTHQ0ETT26000040"
"ITE000ETT26000035","ITEa26-00725 CDE ESV_Proposed Re-roofing of ETFE Membrane Roof System with New Cushions and Aluminum Extrusions at ITE College Central","Institute of Technical Education","Construction ⇒ General Building & Minor Construction Works","GeBIZ","Tender (GeBIZ listing)","30 Sep 2026 05:50 PM","26 Oct 2026 04:00PM","Open","https://www.gebiz.gov.sg/ptn/opportunity/directlink.xhtml?docCode=ITE000ETT26000035"
"SFA000ETT26000070","Supply, Delivery, Installation, and Commissioning of 1 Unit of HPLC including 1 Year Warranty and up to 7 Years Comprehensive Maintenance","Singapore Food Agency","Dental, Medical & Laboratory ⇒ Laboratory Equipment & Supplies","GeBIZ","Tender (GeBIZ listing)","30 Sep 2026 05:50 PM","26 Oct 2026 04:00PM","Open","https://www.gebiz.gov.sg/ptn/opportunity/directlink.xhtml?docCode=SFA000ETT26000070"
"MAS000ETT26000053","INVITATION TO TENDER FOR THE PROVISION OF INSTALLATION AND MAINTENANCE SERVICES FOR FRONT, MIDDLE & BACKOFFICE SYSTEM REPLATFORM","Monetary Authority of Singapore","IT&Telecommunication ⇒ IT Services & Software Development","GeBIZ","Tender (GeBIZ listing)","30 Sep 2026 05:35 PM","30 Oct 2026 04:00PM","Open","https://www.gebiz.gov.sg/ptn/opportunity/directlink.xhtml?docCode=MAS000ETT26000053"
"INDNLSETQ26000025","Supply of Instructor for Basketball CCA Training Programme for Academic Year 2027 with Option to extend for Academic Year 2028 in NorthLight School","Northlight School","Services ⇒ Data Entry, Supply of Manpower Services","GeBIZ","Quotation (GeBIZ listing)","30 Sep 2026 05:35 PM","09 Oct 2026 01:00PM","Open","https://www.gebiz.gov.sg/ptn/opportunity/directlink.xhtml?docCode=INDNLSETQ26000025"
"MAS000ETT26000054","ITT FOR THE SUPPLY, INSTALLATION, TESTING, COMMISSIONING, INTEGRATION OF AUDIO VISUAL AND VIDEO CONFERENCING SYSTEMS FOR CONFERENCE ROOMS","Monetary Authority of Singapore","Furniture, Office Equipment & Audio-Visual ⇒ AV Equipment, Photographic Equipment & Accessories","GeBIZ","Tender (GeBIZ listing)","30 Sep 2026 05:20 PM","20 Oct 2026 04:00PM","Open","https://www.gebiz.gov.sg/ptn/opportunity/directlink.xhtml?docCode=MAS000ETT26000054"
"DEFNGPP7126101812","Multi Mission Radar Spares","Ministry of Defence 6","Miscellaneous ⇒ Others","GeBIZ","","30 Sep 2026 05:20 PM","13 Oct 2026 01:00PM","Open","https://www.gebiz.gov.sg/ptn/opportunity/directlink.xhtml?docCode=DEFNGPP7126101812"
"HDB000ETT26000175","PROJECT 1: BUILDING WORKS AT PROJECT EH (TOTAL: 834 DWELLING UNITS); PROJECT 2: ROAD IMPROVEMENT AND INFRASTRUCTURE WORKS AT PROJECT EH","Housing and Development Board","Construction ⇒ General Building & Minor Construction Works","GeBIZ","Tender (GeBIZ listing)","30 Sep 2026 04:50 PM","06 Nov 2026 04:00PM","Open","https://www.gebiz.gov.sg/ptn/opportunity/directlink.xhtml?docCode=HDB000ETT26000175"
"ITE000ETT26000034","C26a-00713_AM2 - Procurement of Metal/Composite Material 3D printer with accessories","Institute of Technical Education","Workshop Equipment and Services ⇒ Workshop Machinery, DIY Machinery & Supplies","GeBIZ","Tender (GeBIZ listing)","30 Sep 2026 04:50 PM","26 Oct 2026 04:00PM","Open","https://www.gebiz.gov.sg/ptn/opportunity/directlink.xhtml?docCode=ITE000ETT26000034"
"MOESCHETQ26004389","Invitation to Quote (""ITQ"") Supply and Construction of Furniture for School Library in Maris Stella High School (Secondary)","Ministry of Education - Schools","Furniture, Office Equipment & Audio-Visual ⇒ Furniture","GeBIZ","Quotation (GeBIZ listing)","30 Sep 2026 04:35 PM","09 Oct 2026 01:00PM","Open","https://www.gebiz.gov.sg/ptn/opportunity/directlink.xhtml?docCode=MOESCHETQ26004389"
"MOESCHETQ26004382","Supply of Instructors for Math Olympiad 2027 in Jurong West Primary School","Ministry of Education - Schools","Services ⇒ Data Entry, Supply of Manpower Services","GeBIZ","Quotation (GeBIZ listing)","30 Sep 2026 04:05 PM","09 Oct 2026 01:00PM","Open","https://www.gebiz.gov.sg/ptn/opportunity/directlink.xhtml?docCode=MOESCHETQ26004382"
"MOESCHETQ26004379","Provision of Student Leadership Experience Programme 2026","Ministry of Education - Schools","Administration & Training ⇒ Courses","GeBIZ","Quotation (GeBIZ listing)","30 Sep 2026 04:05 PM","09 Oct 2026 01:00PM","Open","https://www.gebiz.gov.sg/ptn/opportunity/directlink.xhtml?docCode=MOESCHETQ26004379"
"MOESCHETQ26004357","Supply of Instructor for Mechatronics, Aeronautics and Robotics CCA in Yio Chu Kang Secondary School","Ministry of Education - Schools","Services ⇒ Data Entry, Supply of Manpower Services","GeBIZ","Quotation (GeBIZ listing)","30 Sep 2026 04:05 PM","09 Oct 2026 01:00PM","Open","https://www.gebiz.gov.sg/ptn/opportunity/directlink.xhtml?docCode=MOESCHETQ26004357"
"HDB000ETT26000174","PART A: BUILDING WORKS AT PROJECT EG AND PARK (TOTAL: 2,234 DWELLING UNITS); PART B: CONTINGENCY WORKS","Housing and Development Board","Construction ⇒ General Building & Minor Construction Works","GeBIZ","Tender (GeBIZ listing)","30 Sep 2026 03:50 PM","11 Nov 2026 04:00PM","Open","https://www.gebiz.gov.sg/ptn/opportunity/directlink.xhtml?docCode=HDB000ETT26000174"
"MOESCHETQ26004259","Supply of Instructor for Internatioal Dance CCA Training Programme in Ai Tong School for year 2027 with option to renew for another year in 2028","Ministry of Education - Schools","Administration & Training ⇒ Courses","GeBIZ","Quotation (GeBIZ listing)","30 Sep 2026 03:50 PM","12 Oct 2026 01:00PM","Open","https://www.gebiz.gov.sg/ptn/opportunity/directlink.xhtml?docCode=MOESCHETQ26004259"
"MOESCHETQ26004366","ATS - Instrs for P1 & P2 Penmanship,Chinese Calligraphy: P3 - Kaishu,P4 - Lishu,P6 - Zhuanshu & Annual Chinese Penmanship Competition Judging Service","Ministry of Education - Schools","Administration & Training ⇒ Courses","GeBIZ","Quotation (GeBIZ listing)","30 Sep 2026 03:50 PM","12 Oct 2026 01:00PM","Open","https://www.gebiz.gov.sg/ptn/opportunity/directlink.xhtml?docCode=MOESCHETQ26004366"
"MOESCHETQ26004371","Supply of Instructor for Strength & Conditioning CCA Programme in River Valley High School for Year 2027 (with option to extend to 2028)","Ministry of Education - Schools","Services ⇒ Professional Services","GeBIZ","Quotation (GeBIZ listing)","30 Sep 2026 03:50 PM","09 Oct 2026 01:00PM","Open","https://www.gebiz.gov.sg/ptn/opportunity/directlink.xhtml?docCode=MOESCHETQ26004371"
"HDB000ETQ26000175","INVITATION TO QUOTE FOR REPAIR OF COMPUTER ROOM AIR CON (CRAC) UNITS AT HDB HUB","Housing and Development Board","Facilities Management ⇒ Building, M&E Maintenance","GeBIZ","Quotation (GeBIZ listing)","30 Sep 2026 03:50 PM","23 Oct 2026 01:00PM","Open","https://www.gebiz.gov.sg/ptn/opportunity/directlink.xhtml?docCode=HDB000ETQ26000175"
"JTC000ETT26000096","Instrumentation and Monitoring Works for the Reclamation at Northeastern Coast of Lorong Halus","Jurong Town Corporation","Construction ⇒ Others","GeBIZ","Tender (GeBIZ listing)","30 Sep 2026 03:35 PM","30 Oct 2026 04:00PM","Open","https://www.gebiz.gov.sg/ptn/opportunity/directlink.xhtml?docCode=JTC000ETT26000096"
"HDB000ETT26000179","FIRE ENGINEERING ASSESSMENT SERVICES FOR PROJECT M","Housing and Development Board","Services ⇒ Professional Services","GeBIZ","Tender (GeBIZ listing)","30 Sep 2026 03:35 PM","14 Oct 2026 04:00PM","Open","https://www.gebiz.gov.sg/ptn/opportunity/directlink.xhtml?docCode=HDB000ETT26000179"
"MOESCHETQ26004338","Design, Supply & Construction of MakerSpace in Catholic High School (Primary)","Ministry of Education - Schools","Construction ⇒ Renovation Supplies & Services","GeBIZ","Quotation (GeBIZ listing)","30 Sep 2026 03:35 PM","14 Oct 2026 01:00PM","Open","https://www.gebiz.gov.sg/ptn/opportunity/directlink.xhtml?docCode=MOESCHETQ26004338"
"MOESCHETQ26004372","ITQ for Setting up and Operation of a School Bookshop in Zhenghua Primary School","Ministry of Education - Schools","Administration & Training ⇒ Educational Supplies","GeBIZ","Quotation (GeBIZ listing)","30 Sep 2026 03:35 PM","09 Oct 2026 01:00PM","Open","https://www.gebiz.gov.sg/ptn/opportunity/directlink.xhtml?docCode=MOESCHETQ26004372"
"HDB000ETQ26000174","INVITATION TO QUOTE FOR SUPPLY AND REPLACE PUBLIC ADDRESS AMPLIFIER AND UPS AT PIONEER MALL","Housing and Development Board","Facilities Management ⇒ Fire Fighting Equipment & Maintenance","GeBIZ","Quotation (GeBIZ listing)","30 Sep 2026 03:35 PM","23 Oct 2026 01:00PM","Open","https://www.gebiz.gov.sg/ptn/opportunity/directlink.xhtml?docCode=HDB000ETQ26000174"
"HLTHQ0ETT26000041","ITT for the Provision of M&E Peer Reviewer Consultancy Services for the Proposed Development of Tengah General and Community Hospital","Ministry of Health-Ministry Headquarter","Services ⇒ Professional Services","GeBIZ","Tender (GeBIZ listing)","30 Sep 2026 03:20 PM","02 Nov 2026 04:00PM","Open","https://www.gebiz.gov.sg/ptn/opportunity/directlink.xhtml?docCode=HLTHQ0ETT26000041"
"MOESCHETQ26004360","Supply of Manpower Services - Science Laboratory Assistant cum Receptionist/Admin Support Assistant for Year 2027 with Option to extend in 2028","Ministry of Education - Schools","Services ⇒ Data Entry, Supply of Manpower Services","GeBIZ","Quotation (GeBIZ listing)","30 Sep 2026 03:20 PM","09 Oct 2026 01:00PM","Open","https://www.gebiz.gov.sg/ptn/opportunity/directlink.xhtml?docCode=MOESCHETQ26004360"
"MOESCHETQ26004375","Geylang Methodist School (Secondary) Supply of Manpower Services Kitchen Assistant for 2027 and 2028","Ministry of Education - Schools","Services ⇒ Data Entry, Supply of Manpower Services","GeBIZ","Quotation (GeBIZ listing)","30 Sep 2026 03:05 PM","09 Oct 2026 01:00PM","Open","https://www.gebiz.gov.sg/ptn/opportunity/directlink.xhtml?docCode=MOESCHETQ26004375"
"MOESCHETQ26004374","Provision of Ad-Hoc Bus Transport Services for Innova Primary School for Base Years 2027 and 2028","Ministry of Education - Schools","Transportation ⇒ Bus Hire","GeBIZ","Quotation (GeBIZ listing)","30 Sep 2026 02:35 PM","09 Oct 2026 01:00PM","Open","https://www.gebiz.gov.sg/ptn/opportunity/directlink.xhtml?docCode=MOESCHETQ26004374"
"DST000ETQ26000067","Acquisition of the Supply of Tactical Soldier Peripherals","Defence Science and Technology Agency","Furniture, Office Equipment & Audio-Visual ⇒ Containers & Storage Equipment","GeBIZ","Quotation (GeBIZ listing)","30 Sep 2026 02:35 PM","13 Oct 2026 01:00PM","Open","https://www.gebiz.gov.sg/ptn/opportunity/directlink.xhtml?docCode=DST000ETQ26000067"
"MOE000ETT26000068","PROVISION OF ENVIRONMENTAL QUALITY AUDIT TO SITES FOR A PERIOD OF THREE (3) YEARS WITH AN OPTION TO EXTEND FOR UP TO ANOTHER TWENTY-FOUR (24) MONTHS","Ministry of Education","Services ⇒ Professional Services","GeBIZ","Tender (GeBIZ listing)","30 Sep 2026 02:05 PM","26 Oct 2026 04:00PM","Open","https://www.gebiz.gov.sg/ptn/opportunity/directlink.xhtml?docCode=MOE000ETT26000068"
"MOESCHETQ26004347","Supply of Instructor for Our Singapore Groove - Exploring The Multicultural Rhythms of our Nation in Yishun Secondary School.","Ministry of Education - Schools","Services ⇒ Data Entry, Supply of Manpower Services","GeBIZ","Quotation (GeBIZ listing)","30 Sep 2026 01:35 PM","13 Oct 2026 01:00PM","Open","https://www.gebiz.gov.sg/ptn/opportunity/directlink.xhtml?docCode=MOESCHETQ26004347"
"MOESCHETQ26004363","2-Day Servant Leadership for Secondary 2 and 3 Student Leaders","Ministry of Education - Schools","Administration & Training ⇒ Courses","GeBIZ","Quotation (GeBIZ listing)","30 Sep 2026 01:05 PM","09 Oct 2026 01:00PM","Open","https://www.gebiz.gov.sg/ptn/opportunity/directlink.xhtml?docCode=MOESCHETQ26004363"
"MOESCHETQ26004368","Supply of Instructors for Hockey CCA Programme in Punggol Primary School","Ministry of Education - Schools","Services ⇒ Data Entry, Supply of Manpower Services","GeBIZ","Quotation (GeBIZ listing)","30 Sep 2026 12:50 PM","09 Oct 2026 01:00PM","Open","https://www.gebiz.gov.sg/ptn/opportunity/directlink.xhtml?docCode=MOESCHETQ26004368"
"MOESCHETQ26004365","Design, Supply and Installation of 1300 handphone lockers at St. Margaret's School (Secondary)","Ministry of Education - Schools","Furniture, Office Equipment & Audio-Visual ⇒ Containers & Storage Equipment","GeBIZ","Quotation (GeBIZ listing)","30 Sep 2026 12:35 PM","12 Oct 2026 01:00PM","Open","https://www.gebiz.gov.sg/ptn/opportunity/directlink.xhtml?docCode=MOESCHETQ26004365"
"DEFNGPP7126101869","ENGAGEMENT OF QUANTITY SURVEYOR","Ministry of Defence 6","Miscellaneous ⇒ Others","GeBIZ","","30 Sep 2026 12:20 PM","12 Oct 2026 01:00PM","Open","https://www.gebiz.gov.sg/ptn/opportunity/directlink.xhtml?docCode=DEFNGPP7126101869"
"MOESCHETQ26004356","Supply of Instructor for Football CCA Training Programme in Anglo-Chinese School (Junior)","Ministry of Education - Schools","Administration & Training ⇒ Courses","GeBIZ","Quotation (GeBIZ listing)","30 Sep 2026 11:50 AM","09 Oct 2026 01:00PM","Open","https://www.gebiz.gov.sg/ptn/opportunity/directlink.xhtml?docCode=MOESCHETQ26004356"
"LTA000ETT26000109","Design and Build of Enhancement Works at Yishun MRT Station","Land Transport Authority","Construction ⇒ Civil Engineering","GeBIZ","Tender (GeBIZ listing)","30 Sep 2026 11:35 AM","15 Jan 2027 04:00PM","Open","https://www.gebiz.gov.sg/ptn/opportunity/directlink.xhtml?docCode=LTA000ETT26000109"
"MOESCHETQ26004340","BADMINTON CCA TRAINING PROGRAMME","Ministry of Education - Schools","Administration & Training ⇒ Courses","GeBIZ","Quotation (GeBIZ listing)","30 Sep 2026 11:35 AM","09 Oct 2026 01:00PM","Open","https://www.gebiz.gov.sg/ptn/opportunity/directlink.xhtml?docCode=MOESCHETQ26004340"
"FOR000ETT26000061","Provision of Cleaning Services for the Embassy of the Republic of Singapore in Bangkok, Thailand","Ministry of Foreign Affairs","Facilities Management ⇒ Cleaning Services","GeBIZ","Tender (GeBIZ listing)","30 Sep 2026 11:20 AM","06 Nov 2026 04:00PM","Open","https://www.gebiz.gov.sg/ptn/opportunity/directlink.xhtml?docCode=FOR000ETT26000061"
"MOESCHETQ26004359","MSHS/Supply of Instructors for Xinyao & S-Pop Appreciation Programme and Ukulele Sing and Play Workshop","Ministry of Education - Schools","Administration & Training ⇒ Courses","GeBIZ","Quotation (GeBIZ listing)","30 Sep 2026 11:20 AM","09 Oct 2026 01:00PM","Open","https://www.gebiz.gov.sg/ptn/opportunity/directlink.xhtml?docCode=MOESCHETQ26004359"
"PUB000ETQ26000077","44260147/WQD/Supply, Delivery, Installation, Commissioning and Maintenance of One (1) Unit of Separatory Funnel Shaker System","Public Utilities Board","Dental, Medical & Laboratory ⇒ Laboratory Equipment & Supplies","GeBIZ","Quotation (GeBIZ listing)","30 Sep 2026 11:20 AM","15 Oct 2026 01:00PM","Open","https://www.gebiz.gov.sg/ptn/opportunity/directlink.xhtml?docCode=PUB000ETQ26000077"
"MOESCHETQ26004349","Supply of Photography Instructor for Infocomm Club at Fuhua Secondary School","Ministry of Education - Schools","Services ⇒ Data Entry, Supply of Manpower Services","GeBIZ","Quotation (GeBIZ listing)","30 Sep 2026 11:05 AM","09 Oct 2026 01:00PM","Open","https://www.gebiz.gov.sg/ptn/opportunity/directlink.xhtml?docCode=MOESCHETQ26004349"
"LTA000ETT26000108","Advance Engineering Study for Station Rejuvenation of North-South and East-West Lines (Package 1)","Land Transport Authority","Services ⇒ Professional Services","GeBIZ","Tender (GeBIZ listing)","30 Sep 2026 10:50 AM","30 Nov 2026 04:00PM","Open","https://www.gebiz.gov.sg/ptn/opportunity/directlink.xhtml?docCode=LTA000ETT26000108"
"MOESCHETQ26004354","Design, Supply & Installation of Wall Murals and Displays for Mock Car Accident Scene at Fuhua Secondary School","Ministry of Education - Schools","Construction ⇒ Interior Decoration","GeBIZ","Quotation (GeBIZ listing)","30 Sep 2026 10:50 AM","16 Oct 2026 01:00PM","Open","https://www.gebiz.gov.sg/ptn/opportunity/directlink.xhtml?docCode=MOESCHETQ26004354"
"MOESCHETQ26004325","NYPS - 2027 2028 Football CCA Instructors","Ministry of Education - Schools","Services ⇒ Data Entry, Supply of Manpower Services","GeBIZ","Quotation (GeBIZ listing)","30 Sep 2026 10:50 AM","09 Oct 2026 01:00PM","Open","https://www.gebiz.gov.sg/ptn/opportunity/directlink.xhtml?docCode=MOESCHETQ26004325"
"MOESCHETQ26004348","Supply of instructor for Basketball Girls CCA Programme in Ahmad Ibrahim Secondary School","Ministry of Education - Schools","Services ⇒ Data Entry, Supply of Manpower Services","GeBIZ","Quotation (GeBIZ listing)","30 Sep 2026 10:35 AM","09 Oct 2026 01:00PM","Open","https://www.gebiz.gov.sg/ptn/opportunity/directlink.xhtml?docCode=MOESCHETQ26004348"
"NEA000ETQ26000100","QUOTATION FOR SAFETY AUDIT SERVICES","National Environment Agency","Services ⇒ Professional Services","GeBIZ","Quotation (GeBIZ listing)","30 Sep 2026 10:35 AM","14 Oct 2026 01:00PM","Open","https://www.gebiz.gov.sg/ptn/opportunity/directlink.xhtml?docCode=NEA000ETQ26000100"
"MOESCHETQ26004182","Supply of Instructor for Softball CCA Training Programme in Tanjong Katong Girls' School","Ministry of Education - Schools","Services ⇒ Data Entry, Supply of Manpower Services","GeBIZ","Quotation (GeBIZ listing)","30 Sep 2026 10:20 AM","09 Oct 2026 01:00PM","Open","https://www.gebiz.gov.sg/ptn/opportunity/directlink.xhtml?docCode=MOESCHETQ26004182"
"MOESCHETQ26004344","Supply of Guitars for Northbrooks Sec Sch Guitar Ensemble CCA","Ministry of Education - Schools","Administration & Training ⇒ Music & Video","GeBIZ","Quotation (GeBIZ listing)","30 Sep 2026 10:20 AM","09 Oct 2026 01:00PM","Open","https://www.gebiz.gov.sg/ptn/opportunity/directlink.xhtml?docCode=MOESCHETQ26004344"
"MOESCHETQ26004319","Supply Instructors for Softball CCA Training Programme for Year 2027 with an option to extend for another 1 year","Ministry of Education - Schools","Administration & Training ⇒ Courses","GeBIZ","Quotation (GeBIZ listing)","30 Sep 2026 10:05 AM","13 Oct 2026 01:00PM","Open","https://www.gebiz.gov.sg/ptn/opportunity/directlink.xhtml?docCode=MOESCHETQ26004319"
"MOESCHETQ26004299","Supply of Instructor for Table Tennis CCA Training Programme in 2027","Ministry of Education - Schools","Services ⇒ Data Entry, Supply of Manpower Services","GeBIZ","Quotation (GeBIZ listing)","30 Sep 2026 10:05 AM","09 Oct 2026 01:00PM","Open","https://www.gebiz.gov.sg/ptn/opportunity/directlink.xhtml?docCode=MOESCHETQ26004299"
"MOESCHETQ26004341","Provision of Landscape and Koi Pond Maintenance Services at Yio Chu Kang Secondary School","Ministry of Education - Schools","Facilities Management ⇒ Cleaning Equipment & Supplies","GeBIZ","Quotation (GeBIZ listing)","30 Sep 2026 09:50 AM","09 Oct 2026 01:00PM","Open","https://www.gebiz.gov.sg/ptn/opportunity/directlink.xhtml?docCode=MOESCHETQ26004341"
"MOESCHETQ26004334","Supply of Instructors for Concert Band CCA Training Programme in Yio Chu Kang Secondary School","Ministry of Education - Schools","Services ⇒ Data Entry, Supply of Manpower Services","GeBIZ","Quotation (GeBIZ listing)","30 Sep 2026 09:50 AM","09 Oct 2026 01:00PM","Open","https://www.gebiz.gov.sg/ptn/opportunity/directlink.xhtml?docCode=MOESCHETQ26004334"
"MOESCHETQ26004343","SUPPLY OF INSTRUCTOR FOR BADMINTON CCA TRAINING PROGRAMME FOR BASE YEAR 2027 AND OPTION YEAR 2028 IN EAST SPRING SECONDARY SCHOOL.","Ministry of Education - Schools","Services ⇒ Data Entry, Supply of Manpower Services","GeBIZ","Quotation (GeBIZ listing)","30 Sep 2026 09:50 AM","09 Oct 2026 01:00PM","Open","https://www.gebiz.gov.sg/ptn/opportunity/directlink.xhtml?docCode=MOESCHETQ26004343"
"MOESCHETQ26004339","SUPPLY OF INSTRUCTOR FOR BASKETBALL CCA TRAINING PROGRAMME FOR BASE YEAR FROM 01 JAN 27 - 31 DEC 27 AND OPTION YEAR FROM 01 JAN 28 - 31 DEC 28","Ministry of Education - Schools","Services ⇒ Data Entry, Supply of Manpower Services","GeBIZ","Quotation (GeBIZ listing)","30 Sep 2026 09:50 AM","09 Oct 2026 01:00PM","Open","https://www.gebiz.gov.sg/ptn/opportunity/directlink.xhtml?docCode=MOESCHETQ26004339"
"MOESCHETQ26004336","SUPPLY OF INSTRUCTOR FOR DRAMA CCA TRAINING PROGRAMME FOR BASE YEAR FROM 01/01/2027 TO 31/01/2027 AND OPTION YEAR FROM 01/01/28 TO 31/12/28.","Ministry of Education - Schools","Services ⇒ Data Entry, Supply of Manpower Services","GeBIZ","Quotation (GeBIZ listing)","30 Sep 2026 09:50 AM","09 Oct 2026 01:00PM","Open","https://www.gebiz.gov.sg/ptn/opportunity/directlink.xhtml?docCode=MOESCHETQ26004336"
"MOESCHETQ26004331","SUPPLY OF INSTRUCTOR FOR FLOORBALL BOYS AND GIRLS CCA TRAINING PROGRAMME FOR BASE YEAR 2027 IN EAST SPRING SECONDARY SCHOOL.","Ministry of Education - Schools","Services ⇒ Data Entry, Supply of Manpower Services","GeBIZ","Quotation (GeBIZ listing)","30 Sep 2026 09:50 AM","09 Oct 2026 01:00PM","Open","https://www.gebiz.gov.sg/ptn/opportunity/directlink.xhtml?docCode=MOESCHETQ26004331"
"MOESCHETQ26004318","Supply of 1 Instructor for Handbell CCA Programme from Jan 2027 to Dec 2030","Ministry of Education - Schools","Services ⇒ Professional Services","GeBIZ","Quotation (GeBIZ listing)","30 Sep 2026 09:50 AM","09 Oct 2026 01:00PM","Open","https://www.gebiz.gov.sg/ptn/opportunity/directlink.xhtml?docCode=MOESCHETQ26004318"
"SST000ETQ26000019","Supply of Instructor for Infocomm Technology (Media Production) - Media Club CCA Training Programme","School of Science and Technology, Singapore","Services ⇒ Data Entry, Supply of Manpower Services","GeBIZ","Quotation (GeBIZ listing)","30 Sep 2026 09:20 AM","09 Oct 2026 01:00PM","Open","https://www.gebiz.gov.sg/ptn/opportunity/directlink.xhtml?docCode=SST000ETQ26000019"
"MOESCHETQ26004346","Installation of Vinyl Floor Tiles in 25 Classrooms in St. Stephen's School","Ministry of Education - Schools","Construction ⇒ Renovation Supplies & Services","GeBIZ","Quotation (GeBIZ listing)","30 Sep 2026 08:50 AM","16 Oct 2026 01:00PM","Open","https://www.gebiz.gov.sg/ptn/opportunity/directlink.xhtml?docCode=MOESCHETQ26004346"
"CPF000ETT26000025","Event Management Services","Central Provident Fund Board","Event Organising, Food & Beverages ⇒ Event Organising","GeBIZ","Tender (GeBIZ listing)","30 Sep 2026 08:20 AM","29 Oct 2026 04:00PM","Open","https://www.gebiz.gov.sg/ptn/opportunity/directlink.xhtml?docCode=CPF000ETT26000025"
"HPB000ETT26000012","IOCT14/26 – Tender for the provision of programme management support to HPB for a firm period of 1 year, with option to extend for another 1 year","Health Promotion Board","Services ⇒ Professional Services","GeBIZ","Tender (GeBIZ listing)","30 Sep 2026 12:05 AM","30 Oct 2026 04:00PM","Open","https://www.gebiz.gov.sg/ptn/opportunity/directlink.xhtml?docCode=HPB000ETT26000012"
"HLTHQ0ETT26000039","PROVISION OF INSTRUMENTATION AND MONITORING FOR THE SGH PHASE 2A DEVELOPMENT AT OUTRAM MEDICAL CAMPUS, SINGAPORE","Ministry of Health-Ministry Headquarter","Construction ⇒ Civil Engineering","GeBIZ","Tender (GeBIZ listing)","30 Sep 2026 12:05 AM","26 Oct 2026 04:00PM","Open","https://www.gebiz.gov.sg/ptn/opportunity/directlink.xhtml?docCode=HLTHQ0ETT26000039"
"MUI000ETT26000005","INVITATION TO TENDER FOR LEGAL SERVICES TO MAJLIS UGAMA ISLAM SINGAPURA (MUIS) FOR 3 YEARS WITH OPTION TO EXTEND 2 YEARS","Majlis Ugama Islam Singapura","Services ⇒ Professional Services","GeBIZ","Tender (GeBIZ listing)","30 Sep 2026 12:05 AM","20 Oct 2026 04:00PM","Open","https://www.gebiz.gov.sg/ptn/opportunity/directlink.xhtml?docCode=MUI000ETT26000005"
"ITE000ETQ26000111","C26a-00697_AE2 - Dismantling, Removal and Disposal of Retired Boeing 737 Aircraft at ITE Aviation Hub ITE College Central.","Institute of Technical Education","Services ⇒ Disposal and Management of Waste Chemicals","GeBIZ","Quotation (GeBIZ listing)","30 Sep 2026 12:05 AM","09 Oct 2026 01:00PM","Open","https://www.gebiz.gov.sg/ptn/opportunity/directlink.xhtml?docCode=ITE000ETQ26000111"
"MOESCHETQ26004326","Provision of In-House printing services for 2027.","Ministry of Education - Schools","Administration & Training ⇒ Printing Services","GeBIZ","Quotation (GeBIZ listing)","30 Sep 2026 12:05 AM","09 Oct 2026 01:00PM","Open","https://www.gebiz.gov.sg/ptn/opportunity/directlink.xhtml?docCode=MOESCHETQ26004326"
"NEA000ETQ26000099","Supply and Delivery of Engine Overhaul Kits for Vessels","National Environment Agency","Transportation ⇒ ShipBuilding, Marine Supplies & Services","GeBIZ","Quotation (GeBIZ listing)","30 Sep 2026 12:05 AM","13 Oct 2026 01:00PM","Open","https://www.gebiz.gov.sg/ptn/opportunity/directlink.xhtml?docCode=NEA000ETQ26000099"
"MHASPF03000029475","SUPPLY OF DUMMY WEAPON (FN SCAR RIFLE)","Ministry of Home Affairs - Singapore Police Force 1","Miscellaneous ⇒ Others","GeBIZ","","29 Sep 2026 08:35 PM","08 Oct 2026 01:00PM","Open","https://www.gebiz.gov.sg/ptn/opportunity/directlink.xhtml?docCode=MHASPF03000029475"
"MHA00003000029492","SUPPLY, INSTALLATION AND MONITORING OF INSTRUMENTS FOR ERECTION OF A 5-STOREY BUILDING AND 2 BLOCKS OF 4-STOREY ANCILLARY BUILDINGS","Ministry of Home Affairs - Ministry Headquarter 1","Miscellaneous ⇒ Others","GeBIZ","","29 Sep 2026 06:35 PM","28 Oct 2026 04:00PM","Open","https://www.gebiz.gov.sg/ptn/opportunity/directlink.xhtml?docCode=MHA00003000029492"
"MOESCHETQ26004312","SUPPLY OF INSTRUCTOR FOR BASKETBALL CCA TRAINING PROGRAMME IN XINGNAN PRIMARY SCHOOL FOR 2027-2028","Ministry of Education - Schools","Services ⇒ Data Entry, Supply of Manpower Services","GeBIZ","Quotation (GeBIZ listing)","29 Sep 2026 06:20 PM","08 Oct 2026 01:00PM","Open","https://www.gebiz.gov.sg/ptn/opportunity/directlink.xhtml?docCode=MOESCHETQ26004312"
"MOESCHETQ26004215","SUPPLY OF INSTRUCTOR FOR FOOTBALL CCA TRAINING PROGRAMME IN XINGNAN PRIMARY SCHOOL FOR 2027-2028","Ministry of Education - Schools","Services ⇒ Data Entry, Supply of Manpower Services","GeBIZ","Quotation (GeBIZ listing)","29 Sep 2026 06:20 PM","08 Oct 2026 01:00PM","Open","https://www.gebiz.gov.sg/ptn/opportunity/directlink.xhtml?docCode=MOESCHETQ26004215"
"MOE000ETQ26000241","INVITATION TO QUOTE FOR THE SUPPLY, DELIVERY INSTALLATION OF CARPENTRY WORKS AT ST. ANTHONY'S CANOSSIAN SEC SCH, 1600 BEDOK NORTH AVE 4, S(469700)","Ministry of Education","Workshop Equipment and Services ⇒ Workshop Furniture","GeBIZ","Quotation (GeBIZ listing)","29 Sep 2026 06:05 PM","14 Oct 2026 01:00PM","Open","https://www.gebiz.gov.sg/ptn/opportunity/directlink.xhtml?docCode=MOE000ETQ26000241"
"MOE000ETQ26000240","INVITATION TO QUOTE FOR SUPPLY AND DELIVERY OF KITCHEN APPLIANCES AT ST. ANTHONY'S CANOSSIAN SECONDARY SCHOOL,1600 BEDOK NORTH AVE 4, SINGAPORE 469700","Ministry of Education","Furniture, Office Equipment & Audio-Visual ⇒ Electrical Appliances & Supplies","GeBIZ","Quotation (GeBIZ listing)","29 Sep 2026 06:05 PM","14 Oct 2026 01:00PM","Open","https://www.gebiz.gov.sg/ptn/opportunity/directlink.xhtml?docCode=MOE000ETQ26000240"
"MOESCHETQ26004337","Provision of In-House Printing Services from 4 Jan 2027 to 31 Dec 2027","Ministry of Education - Schools","Administration & Training ⇒ Postage & Courier","GeBIZ","Quotation (GeBIZ listing)","29 Sep 2026 05:20 PM","08 Oct 2026 01:00PM","Open","https://www.gebiz.gov.sg/ptn/opportunity/directlink.xhtml?docCode=MOESCHETQ26004337"
"NST000ETT26000062","SUPPLY, DELIVERY, INSTALLATION AND COMMISSIONING OF TYPE I & II WATER PURIFICATION SYSTEMS FOR GENEO","Agency for Science, Technology and Research","Dental, Medical & Laboratory ⇒ Laboratory Equipment & Supplies","GeBIZ","Tender (GeBIZ listing)","29 Sep 2026 04:50 PM","26 Oct 2026 04:00PM","Open","https://www.gebiz.gov.sg/ptn/opportunity/directlink.xhtml?docCode=NST000ETT26000062"
"IMD000ETT26000018","Appointment of a Panel of External Legal Recruitment Firms","Info-communications Media Development Authority","Services ⇒ Professional Services","GeBIZ","Tender (GeBIZ listing)","29 Sep 2026 04:35 PM","13 Oct 2026 04:00PM","Open","https://www.gebiz.gov.sg/ptn/opportunity/directlink.xhtml?docCode=IMD000ETT26000018"
"INDACIETQ26000070","Supply of Band Director for Symphonic Band & Wind Ensemble CCA Training Programme for Year 2027","Anglo-Chinese School (Independent)","Services ⇒ Data Entry, Supply of Manpower Services","GeBIZ","Quotation (GeBIZ listing)","29 Sep 2026 04:35 PM","08 Oct 2026 01:00PM","Open","https://www.gebiz.gov.sg/ptn/opportunity/directlink.xhtml?docCode=INDACIETQ26000070"
"MOESCHETQ26004149","Supply of Instructor for Dance CCA Training Programme in Pasir Ris Secondary School for 2027 - 2028 (Option Year)","Ministry of Education - Schools","Services ⇒ Data Entry, Supply of Manpower Services","GeBIZ","Quotation (GeBIZ listing)","29 Sep 2026 04:35 PM","08 Oct 2026 01:00PM","Open","https://www.gebiz.gov.sg/ptn/opportunity/directlink.xhtml?docCode=MOESCHETQ26004149"
"MOESCHETQ26004335","<For 2027> Supply of Instructors for Primary 5 Ceramics & Street Art programme in Horizon Primary School.","Ministry of Education - Schools","Services ⇒ Professional Services","GeBIZ","Quotation (GeBIZ listing)","29 Sep 2026 04:20 PM","08 Oct 2026 01:00PM","Open","https://www.gebiz.gov.sg/ptn/opportunity/directlink.xhtml?docCode=MOESCHETQ26004335"
"MOESCHETQ26004328","Supply of Instructor for Percussion Club CCA Training Programme in Teck Ghee Primary School)","Ministry of Education - Schools","Services ⇒ Data Entry, Supply of Manpower Services","GeBIZ","Quotation (GeBIZ listing)","29 Sep 2026 04:20 PM","08 Oct 2026 01:00PM","Open","https://www.gebiz.gov.sg/ptn/opportunity/directlink.xhtml?docCode=MOESCHETQ26004328"
"MOESCHETQ26004327","Supply of Badminton CCA Instructors for Keming Primary School from 1 Jan 2027 to 31 Dec 2027 with an option period from 1 Jan 2028 to 31 Dec 2028","Ministry of Education - Schools","Services ⇒ Data Entry, Supply of Manpower Services","GeBIZ","Quotation (GeBIZ listing)","29 Sep 2026 04:20 PM","08 Oct 2026 01:00PM","Open","https://www.gebiz.gov.sg/ptn/opportunity/directlink.xhtml?docCode=MOESCHETQ26004327"
"MOESCHETQ26004317","Northoaks Pri School - Supply of Instructor for ICT (Computing) CCA Training Programme in 2027 & 2028 with option to extend in 2029 & 2030","Ministry of Education - Schools","Services ⇒ Data Entry, Supply of Manpower Services","GeBIZ","Quotation (GeBIZ listing)","29 Sep 2026 04:05 PM","08 Oct 2026 01:00PM","Open","https://www.gebiz.gov.sg/ptn/opportunity/directlink.xhtml?docCode=MOESCHETQ26004317"
"MOE000ETQ26000237","INVITATION TO QUOTE FOR TRAFFIC IMPACT ASSESSMENT AT 5 EDUCATION INSTITUTION SITES IN PUNGGOL AREA","Ministry of Education","Services ⇒ Professional Services","GeBIZ","Quotation (GeBIZ listing)","29 Sep 2026 04:05 PM","08 Oct 2026 01:00PM","Open","https://www.gebiz.gov.sg/ptn/opportunity/directlink.xhtml?docCode=MOE000ETQ26000237"
"MOESCHETQ26004306","Northoaks Pri School - Supply of Instructor for Football CCA Training Programme in 2027 & 2028 with option to extend in 2029 & 2030","Ministry of Education - Schools","Services ⇒ Data Entry, Supply of Manpower Services","GeBIZ","Quotation (GeBIZ listing)","29 Sep 2026 04:05 PM","08 Oct 2026 01:00PM","Open","https://www.gebiz.gov.sg/ptn/opportunity/directlink.xhtml?docCode=MOESCHETQ26004306"
"MOESCHETQ26004324","Supply of Instructor for 2027 Math Talent Programme (MTP) in Nan Chiau High School","Ministry of Education - Schools","Administration & Training ⇒ Courses","GeBIZ","Quotation (GeBIZ listing)","29 Sep 2026 03:35 PM","08 Oct 2026 01:00PM","Open","https://www.gebiz.gov.sg/ptn/opportunity/directlink.xhtml?docCode=MOESCHETQ26004324"
"SDC000ETT26000025","PROVISION OF MULTI-DISCIPLINARY CONSULTANCY SERVICES FOR THE PROPOSED REJUVENATION OF SILOSO AND PALAWAN BEACHES, SENTOSA","Sentosa Development Corporation","Services ⇒ Professional Services","GeBIZ","Tender (GeBIZ listing)","29 Sep 2026 03:20 PM","28 Oct 2026 04:00PM","Open","https://www.gebiz.gov.sg/ptn/opportunity/directlink.xhtml?docCode=SDC000ETT26000025"
"MOESCHETQ26004315","Supply of Instructor for Basketball CCA Programme in St. Margaret's School (Secondary)","Ministry of Education - Schools","Administration & Training ⇒ Courses","GeBIZ","Quotation (GeBIZ listing)","29 Sep 2026 03:20 PM","08 Oct 2026 01:00PM","Open","https://www.gebiz.gov.sg/ptn/opportunity/directlink.xhtml?docCode=MOESCHETQ26004315"
"MOESCHETQ26004322","Supply of Manpower Services for Operations Executive (OE)","Ministry of Education - Schools","Services ⇒ Data Entry, Supply of Manpower Services","GeBIZ","Quotation (GeBIZ listing)","29 Sep 2026 03:20 PM","08 Oct 2026 01:00PM","Open","https://www.gebiz.gov.sg/ptn/opportunity/directlink.xhtml?docCode=MOESCHETQ26004322"
"MOESCHETQ26004308","Yuan Ching Secondary School - Supply of Manpower Services: Front Desk Receptionist from 01 December 2026 to 31 December 2028","Ministry of Education - Schools","Services ⇒ Data Entry, Supply of Manpower Services","GeBIZ","Quotation (GeBIZ listing)","29 Sep 2026 03:20 PM","08 Oct 2026 01:00PM","Open","https://www.gebiz.gov.sg/ptn/opportunity/directlink.xhtml?docCode=MOESCHETQ26004308"
"MOESCHETQ26004321","Provision of School Bus Service to Commonwealth Secondary School for School Activities for the Year 2027","Ministry of Education - Schools","Transportation ⇒ Bus Hire","GeBIZ","Quotation (GeBIZ listing)","29 Sep 2026 02:50 PM","08 Oct 2026 01:00PM","Open","https://www.gebiz.gov.sg/ptn/opportunity/directlink.xhtml?docCode=MOESCHETQ26004321"
"MOESCHETQ26004279","Supply of Instructor for Choir CCA Training Programme 2027 & 2028","Ministry of Education - Schools","Services ⇒ Data Entry, Supply of Manpower Services","GeBIZ","Quotation (GeBIZ listing)","29 Sep 2026 02:35 PM","08 Oct 2026 01:00PM","Open","https://www.gebiz.gov.sg/ptn/opportunity/directlink.xhtml?docCode=MOESCHETQ26004279"
"MOESCHETQ26004286","Sport Climbing CCA Training Programme","Ministry of Education - Schools","Administration & Training ⇒ Courses","GeBIZ","Quotation (GeBIZ listing)","29 Sep 2026 02:35 PM","08 Oct 2026 01:00PM","Open","https://www.gebiz.gov.sg/ptn/opportunity/directlink.xhtml?docCode=MOESCHETQ26004286"
"RGS000ETT26000007","Provision of Human Resource System - 3rd ITT","Raffles Girls' School (Secondary)","IT&Telecommunication ⇒ Others","GeBIZ","Tender (GeBIZ listing)","29 Sep 2026 01:50 PM","23 Oct 2026 04:00PM","Open","https://www.gebiz.gov.sg/ptn/opportunity/directlink.xhtml?docCode=RGS000ETT26000007"
"RGS000ETQ26000023","Provision of Design Project Manager for Biophilic Campus & Rewilding Initiative for Raffles Girls' School","Raffles Girls' School (Secondary)","Administration & Training ⇒ Publications & Periodicals","GeBIZ","Quotation (GeBIZ listing)","29 Sep 2026 01:50 PM","08 Oct 2026 01:00PM","Open","https://www.gebiz.gov.sg/ptn/opportunity/directlink.xhtml?docCode=RGS000ETQ26000023"
"MOESCHETQ26004261","PROVISION OF MANPOWER SERVICES TO SUPPORT DISCIPLINARY TEAM IN PRESBYTERIAN HIGH SCHOOL","Ministry of Education - Schools","Services ⇒ Data Entry, Supply of Manpower Services","GeBIZ","Quotation (GeBIZ listing)","29 Sep 2026 01:50 PM","08 Oct 2026 01:00PM","Open","https://www.gebiz.gov.sg/ptn/opportunity/directlink.xhtml?docCode=MOESCHETQ26004261"
"MOESCHETQ26004314","Supply and Delivery of Library Books for Punggol Cove Primary School","Ministry of Education - Schools","Administration & Training ⇒ Publications & Periodicals","GeBIZ","Quotation (GeBIZ listing)","29 Sep 2026 01:35 PM","08 Oct 2026 01:00PM","Open","https://www.gebiz.gov.sg/ptn/opportunity/directlink.xhtml?docCode=MOESCHETQ26004314"
"MOESCHETQ26004292","Supply of instructor for Table Tennis CCA Training Programme 2027 & 2028","Ministry of Education - Schools","Services ⇒ Data Entry, Supply of Manpower Services","GeBIZ","Quotation (GeBIZ listing)","29 Sep 2026 01:35 PM","08 Oct 2026 01:00PM","Open","https://www.gebiz.gov.sg/ptn/opportunity/directlink.xhtml?docCode=MOESCHETQ26004292"
"MOE000ETQ26000236","Data Entry of Test Booklets and Questionnaires","Ministry of Education","Services ⇒ Professional Services","GeBIZ","Quotation (GeBIZ listing)","29 Sep 2026 01:35 PM","08 Oct 2026 01:00PM","Open","https://www.gebiz.gov.sg/ptn/opportunity/directlink.xhtml?docCode=MOE000ETQ26000236"
"MOESCHETQ26004283","Supply of Instructor for International Dance CCA Training Programme 2027 & 2028","Ministry of Education - Schools","Services ⇒ Data Entry, Supply of Manpower Services","GeBIZ","Quotation (GeBIZ listing)","29 Sep 2026 01:20 PM","08 Oct 2026 01:00PM","Open","https://www.gebiz.gov.sg/ptn/opportunity/directlink.xhtml?docCode=MOESCHETQ26004283"
"INDHCIETQ26000078","Supply of Instructor for English Debate CCA Training Programme in Hwa Chong Institution (College)","Hwa Chong Institution","Services ⇒ Data Entry, Supply of Manpower Services","GeBIZ","Quotation (GeBIZ listing)","29 Sep 2026 01:05 PM","08 Oct 2026 01:00PM","Open","https://www.gebiz.gov.sg/ptn/opportunity/directlink.xhtml?docCode=INDHCIETQ26000078"
"INDHCIETQ26000077","Supply of Instructor for Softball Girls CCA Training Programme in Hwa Chong Institution (College)","Hwa Chong Institution","Services ⇒ Data Entry, Supply of Manpower Services","GeBIZ","Quotation (GeBIZ listing)","29 Sep 2026 01:05 PM","08 Oct 2026 01:00PM","Open","https://www.gebiz.gov.sg/ptn/opportunity/directlink.xhtml?docCode=INDHCIETQ26000077"
"MOESCHETQ26004295","Supply of Manpower Services (the ""Services"") - Science Laboratory Technician cum Teaching Assistant","Ministry of Education - Schools","Services ⇒ Data Entry, Supply of Manpower Services","GeBIZ","Quotation (GeBIZ listing)","29 Sep 2026 12:50 PM","08 Oct 2026 01:00PM","Open","https://www.gebiz.gov.sg/ptn/opportunity/directlink.xhtml?docCode=MOESCHETQ26004295"
"JTC000ETT26000094","Design, Supply & Installation of the Electric Overhead Traveling Cranes at JTC Logistics Hub Inland Container Depot","Jurong Town Corporation","Construction ⇒ Others","GeBIZ","Tender (GeBIZ listing)","29 Sep 2026 12:20 PM","30 Nov 2026 04:00PM","Open","https://www.gebiz.gov.sg/ptn/opportunity/directlink.xhtml?docCode=JTC000ETT26000094"
"MOESCHETQ26004195","Provision of Ad hoc bus transport services from 1 Jan 2027 to 31 Dec 2027 for Yu Neng Primary School","Ministry of Education - Schools","Transportation ⇒ Bus Hire","GeBIZ","Quotation (GeBIZ listing)","29 Sep 2026 12:20 PM","08 Oct 2026 01:00PM","Open","https://www.gebiz.gov.sg/ptn/opportunity/directlink.xhtml?docCode=MOESCHETQ26004195"
"MOESCHETQ26004313","Provision of photocopying machines and 1 operator to support In-house printing for Anglo-Chinese School (Primary)","Ministry of Education - Schools","Administration & Training ⇒ Printing Services","GeBIZ","Quotation (GeBIZ listing)","29 Sep 2026 12:05 PM","08 Oct 2026 01:00PM","Open","https://www.gebiz.gov.sg/ptn/opportunity/directlink.xhtml?docCode=MOESCHETQ26004313"
"MOESCHETQ26004300","North View Primary School - Procurement of Hydroponics Farming System for ALP","Ministry of Education - Schools","Services ⇒ Professional Services","GeBIZ","Quotation (GeBIZ listing)","29 Sep 2026 11:20 AM","12 Oct 2026 01:00PM","Open","https://www.gebiz.gov.sg/ptn/opportunity/directlink.xhtml?docCode=MOESCHETQ26004300"
"MOESCHETQ26004307","Supply of Instructor for Infocomm (Media Resource) CCA training programme in Jing Shan Primary School","Ministry of Education - Schools","Services ⇒ Data Entry, Supply of Manpower Services","GeBIZ","Quotation (GeBIZ listing)","29 Sep 2026 11:20 AM","08 Oct 2026 01:00PM","Open","https://www.gebiz.gov.sg/ptn/opportunity/directlink.xhtml?docCode=MOESCHETQ26004307"
"MOESCHETQ26004302","Hougang Sec Sch - Pupil Management Officer for 2027 with option to renew for 2028","Ministry of Education - Schools","Administration & Training ⇒ Medals & Trophies","GeBIZ","Quotation (GeBIZ listing)","29 Sep 2026 11:05 AM","08 Oct 2026 01:00PM","Open","https://www.gebiz.gov.sg/ptn/opportunity/directlink.xhtml?docCode=MOESCHETQ26004302"
"MOESCHETQ26004309","2026 REQUIREMENT SPECIFICATIONS FOR THE DESIGN AND PRODUCTION OF SCHOOL YEARBOOK","Ministry of Education - Schools","Administration & Training ⇒ Publications & Periodicals","GeBIZ","Quotation (GeBIZ listing)","29 Sep 2026 11:05 AM","08 Oct 2026 01:00PM","Open","https://www.gebiz.gov.sg/ptn/opportunity/directlink.xhtml?docCode=MOESCHETQ26004309"
"MOESCHETQ26004298","Provision of 2027 Ad-Hoc Bus Transport Services for Ang Mo Kio Primary School","Ministry of Education - Schools","Transportation ⇒ Bus Hire","GeBIZ","Quotation (GeBIZ listing)","29 Sep 2026 11:05 AM","08 Oct 2026 01:00PM","Open","https://www.gebiz.gov.sg/ptn/opportunity/directlink.xhtml?docCode=MOESCHETQ26004298"
"MOESCHETQ26004303","Supply of Instructor for Rope Skipping CCA for training programme in Jing Shan Primary School","Ministry of Education - Schools","Services ⇒ Data Entry, Supply of Manpower Services","GeBIZ","Quotation (GeBIZ listing)","29 Sep 2026 10:50 AM","08 Oct 2026 01:00PM","Open","https://www.gebiz.gov.sg/ptn/opportunity/directlink.xhtml?docCode=MOESCHETQ26004303"
"MOESCHETQ26004284","Vertical Hydroponic Farming System In Blangah Rise Primary School","Ministry of Education - Schools","Facilities Management ⇒ Horticulture Works","GeBIZ","Quotation (GeBIZ listing)","29 Sep 2026 10:50 AM","08 Oct 2026 01:00PM","Open","https://www.gebiz.gov.sg/ptn/opportunity/directlink.xhtml?docCode=MOESCHETQ26004284"
"MOESCHETQ26004296","Supply of Instructor for Table Tennis CCA Programme from 1 Jan 2027 to 31 Dec 2028 with Option to Extend from 1 Jan 2029 to 31 Dec 2029","Ministry of Education - Schools","Services ⇒ Data Entry, Supply of Manpower Services","GeBIZ","Quotation (GeBIZ listing)","29 Sep 2026 10:35 AM","08 Oct 2026 01:00PM","Open","https://www.gebiz.gov.sg/ptn/opportunity/directlink.xhtml?docCode=MOESCHETQ26004296"
"MOESCHETQ26004274","Supply of Instructors for Badminton CCA Training Programme","Ministry of Education - Schools","Administration & Training ⇒ Courses","GeBIZ","Quotation (GeBIZ listing)","29 Sep 2026 10:35 AM","08 Oct 2026 01:00PM","Open","https://www.gebiz.gov.sg/ptn/opportunity/directlink.xhtml?docCode=MOESCHETQ26004274"
"MOE000ETQ26000238","INVITATION TO QUOTE (""ITQ"") FOR THE PRINTING AND DELIVERY OF BIG AND SMALL BOOKS FOR MOE KINDERGARTEN","Ministry of Education","Administration & Training ⇒ Printing Services","GeBIZ","Quotation (GeBIZ listing)","29 Sep 2026 10:20 AM","08 Oct 2026 01:00PM","Open","https://www.gebiz.gov.sg/ptn/opportunity/directlink.xhtml?docCode=MOE000ETQ26000238"
"MOE000ETT26000067","[NSGO] Supply and Delivery of Floorball Rinks for 2027 National School Games (NSG)","Ministry of Education","Administration & Training ⇒ Sports & Recreational Equipment","GeBIZ","Tender (GeBIZ listing)","29 Sep 2026 10:05 AM","23 Oct 2026 04:00PM","Open","https://www.gebiz.gov.sg/ptn/opportunity/directlink.xhtml?docCode=MOE000ETT26000067"
"MOESCHETQ26004294","Supply of Manpower Services for Operations Assistant","Ministry of Education - Schools","Services ⇒ Data Entry, Supply of Manpower Services","GeBIZ","Quotation (GeBIZ listing)","29 Sep 2026 10:05 AM","08 Oct 2026 01:00PM","Open","https://www.gebiz.gov.sg/ptn/opportunity/directlink.xhtml?docCode=MOESCHETQ26004294"
"MOESCHETQ26004301","Supply of Instructor for Basketball CCA training programme in Jing Shan Primary School","Ministry of Education - Schools","Services ⇒ Data Entry, Supply of Manpower Services","GeBIZ","Quotation (GeBIZ listing)","29 Sep 2026 10:05 AM","08 Oct 2026 01:00PM","Open","https://www.gebiz.gov.sg/ptn/opportunity/directlink.xhtml?docCode=MOESCHETQ26004301"
"MOESCHETQ26004293","Provision of Adhoc bus transport for West View Primary School for 2027 with exercise option 2028","Ministry of Education - Schools","Transportation ⇒ Bus Hire","GeBIZ","Quotation (GeBIZ listing)","29 Sep 2026 09:50 AM","08 Oct 2026 01:00PM","Open","https://www.gebiz.gov.sg/ptn/opportunity/directlink.xhtml?docCode=MOESCHETQ26004293"
"MOESCHETQ26004297","Supply of Instructor for Badminton CCA Training Programme in Teck Whye Primary School","Ministry of Education - Schools","Services ⇒ Data Entry, Supply of Manpower Services","GeBIZ","Quotation (GeBIZ listing)","29 Sep 2026 09:50 AM","08 Oct 2026 01:00PM","Open","https://www.gebiz.gov.sg/ptn/opportunity/directlink.xhtml?docCode=MOESCHETQ26004297"
"MOESCHETQ26004269","Supply And Delivery Of 11-Inch Mobile Tablet Device","Ministry of Education - Schools","IT&Telecommunication ⇒ Personal Digital Assistants","GeBIZ","Quotation (GeBIZ listing)","29 Sep 2026 09:50 AM","26 Oct 2026 01:00PM","Open","https://www.gebiz.gov.sg/ptn/opportunity/directlink.xhtml?docCode=MOESCHETQ26004269"
"RPO000ETQ26000101","Quotation for the provision of Muay Thai Trainer for a period of 2 years for OSG","Republic Polytechnic","Services ⇒ Professional Services","GeBIZ","Quotation (GeBIZ listing)","29 Sep 2026 09:35 AM","09 Oct 2026 01:00PM","Open","https://www.gebiz.gov.sg/ptn/opportunity/directlink.xhtml?docCode=RPO000ETQ26000101"
"LTA000ETT26000105","Building Information Modelling and Conversion of 2D Infrastructure Plans to BIM Format (PHASE 4B)","Land Transport Authority","IT&Telecommunication ⇒ IT Services & Software Development","GeBIZ","Tender (GeBIZ listing)","29 Sep 2026 09:05 AM","26 Oct 2026 04:00PM","Open","https://www.gebiz.gov.sg/ptn/opportunity/directlink.xhtml?docCode=LTA000ETT26000105"
"MOESCHETQ26004289","Supply of Instructor for Secondary 4 & 5 Sports Climbing Programme in Yishun Town Secondary School","Ministry of Education - Schools","Administration & Training ⇒ Courses","GeBIZ","Quotation (GeBIZ listing)","29 Sep 2026 09:05 AM","08 Oct 2026 01:00PM","Open","https://www.gebiz.gov.sg/ptn/opportunity/directlink.xhtml?docCode=MOESCHETQ26004289"
"MOESCHETQ26004290","Supply of Instructor for Class-Based Socio-Emotional Learning Programme for Sec 1 and Sec 2 in Yishun Town Secondary School","Ministry of Education - Schools","Administration & Training ⇒ Courses","GeBIZ","Quotation (GeBIZ listing)","29 Sep 2026 09:05 AM","08 Oct 2026 01:00PM","Open","https://www.gebiz.gov.sg/ptn/opportunity/directlink.xhtml?docCode=MOESCHETQ26004290"
"MOESCHETQ26004291","Supply of Instructors for Secondary 4 & 5 Learning Dispositions and Future Ready Workshop in Yishun Town Secondary School","Ministry of Education - Schools","Administration & Training ⇒ Courses","GeBIZ","Quotation (GeBIZ listing)","29 Sep 2026 09:05 AM","08 Oct 2026 01:00PM","Open","https://www.gebiz.gov.sg/ptn/opportunity/directlink.xhtml?docCode=MOESCHETQ26004291"
"MOESCHETQ26004267","Reimagining Learning Spaces for the Future (SWAC)","Ministry of Education - Schools","Construction ⇒ Renovation Supplies & Services","GeBIZ","Quotation (GeBIZ listing)","29 Sep 2026 08:50 AM","08 Oct 2026 01:00PM","Open","https://www.gebiz.gov.sg/ptn/opportunity/directlink.xhtml?docCode=MOESCHETQ26004267"
"MOESCHETQ26004268","Provision of Setting up and operation of a School Bookshop in First Toa Payoh Primary School","Ministry of Education - Schools","Services ⇒ Professional Services","GeBIZ","Quotation (GeBIZ listing)","29 Sep 2026 08:50 AM","08 Oct 2026 01:00PM","Open","https://www.gebiz.gov.sg/ptn/opportunity/directlink.xhtml?docCode=MOESCHETQ26004268"
"MOESCHETQ26004262","Provision of Receptionist cum Admin Assistant to First Toa Payoh Primary School","Ministry of Education - Schools","Services ⇒ Data Entry, Supply of Manpower Services","GeBIZ","Quotation (GeBIZ listing)","29 Sep 2026 08:50 AM","08 Oct 2026 01:00PM","Open","https://www.gebiz.gov.sg/ptn/opportunity/directlink.xhtml?docCode=MOESCHETQ26004262"
"MOESCHETQ26004006","Supply of Instructors for Primary 1 and Primary 2 Badminton Programme 2027","Ministry of Education - Schools","Administration & Training ⇒ Courses","GeBIZ","Quotation (GeBIZ listing)","29 Sep 2026 08:50 AM","08 Oct 2026 01:00PM","Open","https://www.gebiz.gov.sg/ptn/opportunity/directlink.xhtml?docCode=MOESCHETQ26004006"
"MOESCHETQ26004285","North View Primary School - Timetabling and Relief Management System","Ministry of Education - Schools","Services ⇒ Professional Services","GeBIZ","Quotation (GeBIZ listing)","29 Sep 2026 08:05 AM","08 Oct 2026 01:00PM","Open","https://www.gebiz.gov.sg/ptn/opportunity/directlink.xhtml?docCode=MOESCHETQ26004285"
"JTC000ETT26000092","tender for Temporary Occupation Licence to occupy and use the land parcel lot at Sungei Kadut Street 2 (SK2326)","Jurong Town Corporation","Miscellaneous ⇒ Others","GeBIZ","Tender (GeBIZ listing)","29 Sep 2026 12:05 AM","13 Oct 2026 04:00PM","Open","https://www.gebiz.gov.sg/ptn/opportunity/directlink.xhtml?docCode=JTC000ETT26000092"
"CCY000ETT26000014","Provision of Audit and Advisory Services under a Framework Agreement to Ministry of Culture, Community and Youth","Ministry of Culture, Community and Youth - Ministry Headquarter","Services ⇒ Professional Services","GeBIZ","Tender (GeBIZ listing)","29 Sep 2026 12:05 AM","26 Oct 2026 04:00PM","Open","https://www.gebiz.gov.sg/ptn/opportunity/directlink.xhtml?docCode=CCY000ETT26000014"
"JTC000ETT26000091","tender for Temporary Occupation Licence to occupy and use the land parcel lot at Sungei Kadut Lane (SK2126)","Jurong Town Corporation","Miscellaneous ⇒ Others","GeBIZ","Tender (GeBIZ listing)","29 Sep 2026 12:05 AM","13 Oct 2026 04:00PM","Open","https://www.gebiz.gov.sg/ptn/opportunity/directlink.xhtml?docCode=JTC000ETT26000091"
"JTC000ETT26000088","tender for Temporary Occupation Licence to occupy and use the land parcel lot at 16 Jalan Buroh (JR1826)","Jurong Town Corporation","Miscellaneous ⇒ Others","GeBIZ","Tender (GeBIZ listing)","29 Sep 2026 12:05 AM","13 Oct 2026 04:00PM","Open","https://www.gebiz.gov.sg/ptn/opportunity/directlink.xhtml?docCode=JTC000ETT26000088"
"JTC000ETT26000089","tender for Temporary Occupation Licence to occupy and use the land parcel lot at 26 & 26A Sungei Kadut Street 4 (SK1926)","Jurong Town Corporation","Miscellaneous ⇒ Others","GeBIZ","Tender (GeBIZ listing)","29 Sep 2026 12:05 AM","13 Oct 2026 04:00PM","Open","https://www.gebiz.gov.sg/ptn/opportunity/directlink.xhtml?docCode=JTC000ETT26000089"
"JTC000ETT26000090","tender for Temporary Occupation Licence to occupy and use the land parcel lot at Sungei Kadut Drive (SK2026)","Jurong Town Corporation","Miscellaneous ⇒ Others","GeBIZ","Tender (GeBIZ listing)","29 Sep 2026 12:05 AM","13 Oct 2026 04:00PM","Open","https://www.gebiz.gov.sg/ptn/opportunity/directlink.xhtml?docCode=JTC000ETT26000090"
"WSG000ETT26000004","INVITATION TO TENDER FOR APPLICATION MAINTENANCE AND SUPPORT FOR DOCUMENTS AND RECORDS SYSTEM","Skills and Workforce Development Agency (former WSG)","IT&Telecommunication ⇒ IT Services & Software Development","GeBIZ","Tender (GeBIZ listing)","29 Sep 2026 12:05 AM","23 Oct 2026 04:00PM","Open","https://www.gebiz.gov.sg/ptn/opportunity/directlink.xhtml?docCode=WSG000ETT26000004"
"IMD000ETQ26000009","Provision of 100 user licenses for Atlassian Cloud (Jira and Confluence)","Info-communications Media Development Authority","IT&Telecommunication ⇒ Softwares & Licences","GeBIZ","Quotation (GeBIZ listing)","29 Sep 2026 12:05 AM","08 Oct 2026 01:00PM","Open","https://www.gebiz.gov.sg/ptn/opportunity/directlink.xhtml?docCode=IMD000ETQ26000009"
"NPO000ETQ26000123","(FY25/SAS/006x/ITQ/r1) Applied Suicide Intervention Skills Training (ASIST)","Ngee Ann Polytechnic","Administration & Training ⇒ Courses","GeBIZ","Quotation (GeBIZ listing)","29 Sep 2026 12:05 AM","08 Oct 2026 01:00PM","Open","https://www.gebiz.gov.sg/ptn/opportunity/directlink.xhtml?docCode=NPO000ETQ26000123"
"MOE000ETQ26000235","ITQ FOR JUNIOR SPORTS ACADEMY TEMPORARY SPORTS EXECUTIVES 2027 AUXILIARY MANPOWER","Ministry of Education","Services ⇒ Data Entry, Supply of Manpower Services","GeBIZ","Quotation (GeBIZ listing)","29 Sep 2026 12:05 AM","08 Oct 2026 01:00PM","Open","https://www.gebiz.gov.sg/ptn/opportunity/directlink.xhtml?docCode=MOE000ETQ26000235"
"DEFNGPP7126101798","F-15 Aircraft Spares","Ministry of Defence 6","Miscellaneous ⇒ Others","GeBIZ","","29 Sep 2026 12:05 AM","09 Oct 2026 01:00PM","Open","https://www.gebiz.gov.sg/ptn/opportunity/directlink.xhtml?docCode=DEFNGPP7126101798"
"DEFNGPP7126101121","Supply of Ship Spares","Ministry of Defence 6","Miscellaneous ⇒ Others","GeBIZ","","28 Sep 2026 09:50 PM","27 Oct 2026 04:00PM","Open","https://www.gebiz.gov.sg/ptn/opportunity/directlink.xhtml?docCode=DEFNGPP7126101121"
"SSC000ETT26000046","Provision of Superintending Officer (SO) and Quantity Surveying (QS) Consultancy Services for Refurbishment Works at a Sport Facility","Singapore Sports Council (Sport Singapore)","Services ⇒ Professional Services","GeBIZ","Tender (GeBIZ listing)","28 Sep 2026 07:20 PM","27 Oct 2026 04:00PM","Open","https://www.gebiz.gov.sg/ptn/opportunity/directlink.xhtml?docCode=SSC000ETT26000046"
"URA000ETT26000034","Provision Of Quantity Surveying Consultancy Services","Urban Redevelopment Authority","Services ⇒ Professional Services","GeBIZ","Tender (GeBIZ listing)","28 Sep 2026 06:50 PM","23 Oct 2026 04:00PM","Open","https://www.gebiz.gov.sg/ptn/opportunity/directlink.xhtml?docCode=URA000ETT26000034"
"MOESCHETQ26004280","Supply of Instructors for Cycling Clinic in 2027 for Junyuan Secondary School","Ministry of Education - Schools","Services ⇒ Data Entry, Supply of Manpower Services","GeBIZ","Quotation (GeBIZ listing)","28 Sep 2026 06:20 PM","07 Oct 2026 01:00PM","Open","https://www.gebiz.gov.sg/ptn/opportunity/directlink.xhtml?docCode=MOESCHETQ26004280"
"NHB000ETT26000012","THE APPOINTMENT OF A PANEL OF CONTRACTORS FOR THE PROVISION OF EXHIBITION DESIGN SERVICES FOR NHB FOR 3 YRS WITH AN OPTION TO EXTEND FOR UP TO 3 YRS","National Heritage Board","Services ⇒ Professional Services","GeBIZ","Tender (GeBIZ listing)","28 Sep 2026 06:05 PM","23 Oct 2026 04:00PM","Open","https://www.gebiz.gov.sg/ptn/opportunity/directlink.xhtml?docCode=NHB000ETT26000012"
"TPO000ETQ26000114","TPO-REQ-2026-006953-SH- Revenue ITQ for Sales of Condemned Musical Instruments and Audio Visual Equipment","Temasek Polytechnic","Miscellaneous ⇒ Disposal Management","GeBIZ","Quotation (GeBIZ listing)","28 Sep 2026 05:35 PM","14 Oct 2026 01:00PM","Open","https://www.gebiz.gov.sg/ptn/opportunity/directlink.xhtml?docCode=TPO000ETQ26000114"
"MOESCHETQ26004272","INVITATION TO QUOTE (ITQ) FOR SUPPLY OF INSTRUCTORS FOR BOWLING CCA FOR YEAR 2027 WITH OPTION TO EXERCISE FOR YEAR 2028 IN TELOK KURAU PRI SCH","Ministry of Education - Schools","Services ⇒ Professional Services","GeBIZ","Quotation (GeBIZ listing)","28 Sep 2026 05:20 PM","07 Oct 2026 01:00PM","Open","https://www.gebiz.gov.sg/ptn/opportunity/directlink.xhtml?docCode=MOESCHETQ26004272"
"MOESCHETQ26004247","NYPS - 2027 2028 2029 Debate CCA Instructors","Ministry of Education - Schools","Services ⇒ Data Entry, Supply of Manpower Services","GeBIZ","Quotation (GeBIZ listing)","28 Sep 2026 05:20 PM","07 Oct 2026 01:00PM","Open","https://www.gebiz.gov.sg/ptn/opportunity/directlink.xhtml?docCode=MOESCHETQ26004247"
"INDACIETQ26000069","Provision Instructors for Boys' Brigade Bagpipes and Boy's Brigade Drums CCA","Anglo-Chinese School (Independent)","Services ⇒ Data Entry, Supply of Manpower Services","GeBIZ","Quotation (GeBIZ listing)","28 Sep 2026 05:05 PM","07 Oct 2026 01:00PM","Open","https://www.gebiz.gov.sg/ptn/opportunity/directlink.xhtml?docCode=INDACIETQ26000069"
"PAS000ETQ26000044","Procurement of Services for Management of Online Application Portal, Advertorial Space and Publicity for the People’s Association Scholarship","People's Association","Services ⇒ Professional Services","GeBIZ","Quotation (GeBIZ listing)","28 Sep 2026 04:50 PM","07 Oct 2026 01:00PM","Open","https://www.gebiz.gov.sg/ptn/opportunity/directlink.xhtml?docCode=PAS000ETQ26000044"
"HDB000ETT26000176","PART A: BUILDING WORKS AT PROJECT FJ (TOTAL: 812 DWELLING UNITS); PART B: CONTINGENCY WORKS","Housing and Development Board","Construction ⇒ General Building & Minor Construction Works","GeBIZ","Tender (GeBIZ listing)","28 Sep 2026 04:35 PM","10 Nov 2026 04:00PM","Open","https://www.gebiz.gov.sg/ptn/opportunity/directlink.xhtml?docCode=HDB000ETT26000176"
"MOESCHETQ26004278","Swiss Cottage Sec School - Supply of Floorball CCA Main Instructor and Assistant Instructor from 1 Jan 2027 to 31 Dec 2028.","Ministry of Education - Schools","Administration & Training ⇒ Courses","GeBIZ","Quotation (GeBIZ listing)","28 Sep 2026 04:20 PM","07 Oct 2026 01:00PM","Open","https://www.gebiz.gov.sg/ptn/opportunity/directlink.xhtml?docCode=MOESCHETQ26004278"
"MOESCHETQ26004282","Provision of Bowling Lanes for Maris Stella High School (Primary) in Year 2027 with an Option to Renew in Year 2028","Ministry of Education - Schools","Furniture, Office Equipment & Audio-Visual ⇒ AV Equipment, Photographic Equipment & Accessories","GeBIZ","Quotation (GeBIZ listing)","28 Sep 2026 04:05 PM","07 Oct 2026 01:00PM","Open","https://www.gebiz.gov.sg/ptn/opportunity/directlink.xhtml?docCode=MOESCHETQ26004282"
"Provision For Singapore Mathematics Olympiad (SMO) Training 2027 (Junior, Senior &",")","Ministry of Education - Schools","Administration & Training ⇒ Courses","GeBIZ","Quotation (GeBIZ listing)","28 Sep 2026 04:05 PM","07 Oct 2026 01:00PM","Open","https://www.gebiz.gov.sg/ptn/opportunity/directlink.xhtml?docCode=MOESCHETQ26004277"
"MOESCHETQ26004281","Design, supply & installation of an Interactive OE Learning Wall Mural at Alexandra Primary School","Ministry of Education - Schools","Furniture, Office Equipment & Audio-Visual ⇒ Office Equipment","GeBIZ","Quotation (GeBIZ listing)","28 Sep 2026 03:50 PM","07 Oct 2026 01:00PM","Open","https://www.gebiz.gov.sg/ptn/opportunity/directlink.xhtml?docCode=MOESCHETQ26004281"
"MOESCHETQ26004275","Supply of Instructor for Pickleball CCA Training Programme in Yishun Innova Junior College","Ministry of Education - Schools","Services ⇒ Data Entry, Supply of Manpower Services","GeBIZ","Quotation (GeBIZ listing)","28 Sep 2026 03:35 PM","07 Oct 2026 01:00PM","Open","https://www.gebiz.gov.sg/ptn/opportunity/directlink.xhtml?docCode=MOESCHETQ26004275"
"MOESCHETQ26002891","Provision of School Uniform Services in Woodlands Ring Secondary School","Ministry of Education - Schools","Services ⇒ Tailoring","GeBIZ","Quotation (GeBIZ listing)","28 Sep 2026 03:35 PM","07 Oct 2026 01:00PM","Open","https://www.gebiz.gov.sg/ptn/opportunity/directlink.xhtml?docCode=MOESCHETQ26002891"
"NAC000ETT26000013","INVITATION TO TENDER (ITT) FOR PROVISION OF EVENT MANAGEMENT SERVICES FOR SINGAPORE ART WEEK 2027 OPENING RECEPTION","National Arts Council","Event Organising, Food & Beverages ⇒ Event Organising","GeBIZ","Tender (GeBIZ listing)","28 Sep 2026 03:20 PM","14 Oct 2026 04:00PM","Open","https://www.gebiz.gov.sg/ptn/opportunity/directlink.xhtml?docCode=NAC000ETT26000013"
"MOESCHETQ26004273","Supply of Instructors for SwimSafer 2.0 Programme and Singapore Swimming Proficiency Award (SSPA) for Primary 4 Students in 2027","Ministry of Education - Schools","Services ⇒ Data Entry, Supply of Manpower Services","GeBIZ","Quotation (GeBIZ listing)","28 Sep 2026 03:05 PM","07 Oct 2026 01:00PM","Open","https://www.gebiz.gov.sg/ptn/opportunity/directlink.xhtml?docCode=MOESCHETQ26004273"
"MOESCHETQ26004270","FOR THE PROVISION OF IN-HOUSE PRINTING SERVICES (2027)","Ministry of Education - Schools","Administration & Training ⇒ Printing Services","GeBIZ","Quotation (GeBIZ listing)","28 Sep 2026 02:50 PM","07 Oct 2026 01:00PM","Open","https://www.gebiz.gov.sg/ptn/opportunity/directlink.xhtml?docCode=MOESCHETQ26004270"
"MOESCHETQ26004271","Design, Supply and Installation of STEM Room","Ministry of Education - Schools","Construction ⇒ Renovation Supplies & Services","GeBIZ","Quotation (GeBIZ listing)","28 Sep 2026 02:20 PM","13 Oct 2026 01:00PM","Open","https://www.gebiz.gov.sg/ptn/opportunity/directlink.xhtml?docCode=MOESCHETQ26004271"
"MOESCHETQ26004266","Provision of Outsourced Printing Services for Teaching and Learning Materials (worksheets) for Swiss Cottage Secondary School","Ministry of Education - Schools","Administration & Training ⇒ Publications & Periodicals","GeBIZ","Quotation (GeBIZ listing)","28 Sep 2026 02:05 PM","07 Oct 2026 01:00PM","Open","https://www.gebiz.gov.sg/ptn/opportunity/directlink.xhtml?docCode=MOESCHETQ26004266"
"MOESCHETQ26004265","Swiss Cottage Sec Sch: Provision of Adhoc Bus Transportation services from 1 Jan 2027 to 31 Dec 2027","Ministry of Education - Schools","Transportation ⇒ Bus Hire","GeBIZ","Quotation (GeBIZ listing)","28 Sep 2026 02:05 PM","22 Oct 2026 01:00PM","Open","https://www.gebiz.gov.sg/ptn/opportunity/directlink.xhtml?docCode=MOESCHETQ26004265"
"MOESCHETQ26004263","Design, Supply & Installation of Wall Murals & Interactive Wall","Ministry of Education - Schools","Construction ⇒ Renovation Supplies & Services","GeBIZ","Quotation (GeBIZ listing)","28 Sep 2026 01:50 PM","12 Oct 2026 01:00PM","Open","https://www.gebiz.gov.sg/ptn/opportunity/directlink.xhtml?docCode=MOESCHETQ26004263"
"INDHCIETQ26000067","Replacement of Gym Equipment & Gym Upgrading at Hwa Chong Institution Boarding School","Hwa Chong Institution","Administration & Training ⇒ Sports & Recreational Equipment","GeBIZ","Quotation (GeBIZ listing)","28 Sep 2026 01:50 PM","08 Oct 2026 01:00PM","Open","https://www.gebiz.gov.sg/ptn/opportunity/directlink.xhtml?docCode=INDHCIETQ26000067"
"SPO000ETQ26000124","SPO-REQ-2026-006471-ENGG-ITQ for the Supply, Testing and Commissioning of Adult Size Humanoid Robots for the School of EEE, SP","Singapore Polytechnic","IT&Telecommunication ⇒ Others","GeBIZ","Quotation (GeBIZ listing)","28 Sep 2026 01:50 PM","07 Oct 2026 01:00PM","Open","https://www.gebiz.gov.sg/ptn/opportunity/directlink.xhtml?docCode=SPO000ETQ26000124"
"MOESCHETQ26004264","Provision of buffet lunch for Edgefield Primary School staff","Ministry of Education - Schools","Event Organising, Food & Beverages ⇒ Catering Services","GeBIZ","Quotation (GeBIZ listing)","28 Sep 2026 01:20 PM","07 Oct 2026 01:00PM","Open","https://www.gebiz.gov.sg/ptn/opportunity/directlink.xhtml?docCode=MOESCHETQ26004264"
"MOESCHETQ26004099","Services of Instructors for WUSHU CCA Training Programme from Year 2027 to 2028 with Option to extend to Year 2029 (Tampines North Primary School)","Ministry of Education - Schools","Services ⇒ Data Entry, Supply of Manpower Services","GeBIZ","Quotation (GeBIZ listing)","28 Sep 2026 01:20 PM","07 Oct 2026 01:00PM","Open","https://www.gebiz.gov.sg/ptn/opportunity/directlink.xhtml?docCode=MOESCHETQ26004099"
"MOESCHETQ26004103","To engage an Instructor for Football CCA Training Programme from year 2027 to 2028 and option to extend to 2029. (Tampines North Primary School)","Ministry of Education - Schools","Services ⇒ Data Entry, Supply of Manpower Services","GeBIZ","Quotation (GeBIZ listing)","28 Sep 2026 01:20 PM","07 Oct 2026 01:00PM","Open","https://www.gebiz.gov.sg/ptn/opportunity/directlink.xhtml?docCode=MOESCHETQ26004103"
"MOESCHETQ26004100","Services of an Instructor for Basketball CCA from year 2027 to 2028 and option to extend to 2029. (Tampines North Primary School)","Ministry of Education - Schools","Services ⇒ Data Entry, Supply of Manpower Services","GeBIZ","Quotation (GeBIZ listing)","28 Sep 2026 01:20 PM","07 Oct 2026 01:00PM","Open","https://www.gebiz.gov.sg/ptn/opportunity/directlink.xhtml?docCode=MOESCHETQ26004100"
"PAS000ETT26000090","Implementation and Facilitation Community Response Roundtable (CRRT) 2.0 Programme","People's Association","Administration & Training ⇒ Music & Video","GeBIZ","Tender (GeBIZ listing)","28 Sep 2026 01:05 PM","22 Oct 2026 04:00PM","Open","https://www.gebiz.gov.sg/ptn/opportunity/directlink.xhtml?docCode=PAS000ETT26000090"
"PUB000ETT26000121","44260151/WSP/Supply of Diesel at Kota Tinggi and Permas Jaya area, Johor","Public Utilities Board","Miscellaneous ⇒ Others","GeBIZ","Tender (GeBIZ listing)","28 Sep 2026 01:05 PM","08 Oct 2026 01:00PM","Open","https://www.gebiz.gov.sg/ptn/opportunity/directlink.xhtml?docCode=PUB000ETT26000121"
"MOMHQ0ETT26000016","PROVISION OF MEDIATION SERVICES FOR WORKPLACE FAIRNESS DISPUTES","Ministry of Manpower-Ministry Headquarter","Services ⇒ Professional Services","GeBIZ","Tender (GeBIZ listing)","28 Sep 2026 12:20 PM","22 Oct 2026 04:00PM","Open","https://www.gebiz.gov.sg/ptn/opportunity/directlink.xhtml?docCode=MOMHQ0ETT26000016"
"MOE000ETQ26000233","Provision of Locum Educational Psychologists (EP) services for Casework from October 2026 to 5 March 2027","Ministry of Education","Services ⇒ Professional Services","GeBIZ","Quotation (GeBIZ listing)","28 Sep 2026 12:20 PM","07 Oct 2026 01:00PM","Open","https://www.gebiz.gov.sg/ptn/opportunity/directlink.xhtml?docCode=MOE000ETQ26000233"
"MOESCHETQ26004258","Anderson Primary School seeks Instructor for CCA Eureka Club in 2027 & 2028","Ministry of Education - Schools","Services ⇒ Data Entry, Supply of Manpower Services","GeBIZ","Quotation (GeBIZ listing)","28 Sep 2026 11:50 AM","07 Oct 2026 01:00PM","Open","https://www.gebiz.gov.sg/ptn/opportunity/directlink.xhtml?docCode=MOESCHETQ26004258"
"MOESCHETQ26004243","Supply of Instructors for Robotics Club CCA in Holy Innocents' Primary School","Ministry of Education - Schools","Services ⇒ Data Entry, Supply of Manpower Services","GeBIZ","Quotation (GeBIZ listing)","28 Sep 2026 11:50 AM","07 Oct 2026 01:00PM","Open","https://www.gebiz.gov.sg/ptn/opportunity/directlink.xhtml?docCode=MOESCHETQ26004243"
"MOESCHETQ26004260","Anderson Primary School seeks Instructors for CCA Guitar Ensemble in 2027 & 2028","Ministry of Education - Schools","Services ⇒ Data Entry, Supply of Manpower Services","GeBIZ","Quotation (GeBIZ listing)","28 Sep 2026 11:50 AM","07 Oct 2026 01:00PM","Open","https://www.gebiz.gov.sg/ptn/opportunity/directlink.xhtml?docCode=MOESCHETQ26004260"
"MOESCHETQ26004254","Anderson Primary School seeks Instructors for CCA Brass Band Ensemble in 2027","Ministry of Education - Schools","Services ⇒ Data Entry, Supply of Manpower Services","GeBIZ","Quotation (GeBIZ listing)","28 Sep 2026 11:50 AM","07 Oct 2026 01:00PM","Open","https://www.gebiz.gov.sg/ptn/opportunity/directlink.xhtml?docCode=MOESCHETQ26004254"
"MOESCHETQ26004157","ITQ for Supply of Manpower Support Services, Laboratory Resource Support Executive at Westwood Primary School","Ministry of Education - Schools","Services ⇒ Data Entry, Supply of Manpower Services","GeBIZ","Quotation (GeBIZ listing)","28 Sep 2026 11:50 AM","09 Oct 2026 01:00PM","Open","https://www.gebiz.gov.sg/ptn/opportunity/directlink.xhtml?docCode=MOESCHETQ26004157"
"MOESCHETQ26004241","Supply of Instructors for Choir CCA in Holy Innocents' Primary School","Ministry of Education - Schools","Services ⇒ Data Entry, Supply of Manpower Services","GeBIZ","Quotation (GeBIZ listing)","28 Sep 2026 11:50 AM","07 Oct 2026 01:00PM","Open","https://www.gebiz.gov.sg/ptn/opportunity/directlink.xhtml?docCode=MOESCHETQ26004241"
"MOESCHETQ26004242","Supply of Instructors for Chinese Orchestra CCA in Holy Innocents' Primary School","Ministry of Education - Schools","Services ⇒ Data Entry, Supply of Manpower Services","GeBIZ","Quotation (GeBIZ listing)","28 Sep 2026 11:50 AM","07 Oct 2026 01:00PM","Open","https://www.gebiz.gov.sg/ptn/opportunity/directlink.xhtml?docCode=MOESCHETQ26004242"
"MOESCHETQ26004240","Supply of Assistant Instructor for Football CCA in Holy Innocents' Primary School","Ministry of Education - Schools","Services ⇒ Data Entry, Supply of Manpower Services","GeBIZ","Quotation (GeBIZ listing)","28 Sep 2026 11:50 AM","07 Oct 2026 01:00PM","Open","https://www.gebiz.gov.sg/ptn/opportunity/directlink.xhtml?docCode=MOESCHETQ26004240"
"MOESCHETQ26004239","Supply of instructor for Basketball CCA in Holy Innocents' Primary School","Ministry of Education - Schools","Services ⇒ Data Entry, Supply of Manpower Services","GeBIZ","Quotation (GeBIZ listing)","28 Sep 2026 11:50 AM","07 Oct 2026 01:00PM","Open","https://www.gebiz.gov.sg/ptn/opportunity/directlink.xhtml?docCode=MOESCHETQ26004239"
"MOESCHETQ26004252","ITQ for P5 & P6 ALP (Oracy)","Ministry of Education - Schools","Administration & Training ⇒ Courses","GeBIZ","Quotation (GeBIZ listing)","28 Sep 2026 11:35 AM","07 Oct 2026 01:00PM","Open","https://www.gebiz.gov.sg/ptn/opportunity/directlink.xhtml?docCode=MOESCHETQ26004252"
"MOESCHETQ26003983","ITQ for Provision of School Uniform Services in Peirce Secondary School","Ministry of Education - Schools","Services ⇒ Tailoring","GeBIZ","Quotation (GeBIZ listing)","28 Sep 2026 11:35 AM","16 Oct 2026 01:00PM","Open","https://www.gebiz.gov.sg/ptn/opportunity/directlink.xhtml?docCode=MOESCHETQ26003983"
"ITE000ETQ26000113","W26a-00707_MCE - Supply and Delivery of Electrical System Wiring Training Board Set","Institute of Technical Education","Workshop Equipment and Services ⇒ Workshop Machinery, DIY Machinery & Supplies","GeBIZ","Quotation (GeBIZ listing)","28 Sep 2026 11:35 AM","07 Oct 2026 01:00PM","Open","https://www.gebiz.gov.sg/ptn/opportunity/directlink.xhtml?docCode=ITE000ETQ26000113"
"SDC000ETQ26000045","SUPPLY, DELIVERY, INSTALLATION OF HIGH VOLUME LOW SPEED (HVLS) FANS AT IMBIAH LOOKOUT & SILOSO TRAM STOP IN SENTOSA","Sentosa Development Corporation","Construction ⇒ Renovation Supplies & Services","GeBIZ","Quotation (GeBIZ listing)","28 Sep 2026 11:20 AM","09 Oct 2026 01:00PM","Open","https://www.gebiz.gov.sg/ptn/opportunity/directlink.xhtml?docCode=SDC000ETQ26000045"
"MOESCHETQ26004248","PROVISION OF AD-HOC BUS TRANSPORT SERVICES FOR PEI CHUN PUBLIC SCHOOL (2027)","Ministry of Education - Schools","Administration & Training ⇒ Publications & Periodicals","GeBIZ","Quotation (GeBIZ listing)","28 Sep 2026 11:05 AM","07 Oct 2026 01:00PM","Open","https://www.gebiz.gov.sg/ptn/opportunity/directlink.xhtml?docCode=MOESCHETQ26004248"
"MOESCHETQ26004251","Swiss Cottage Sec School - Supply of Chinese Orchestra Main Conductor and 6 Sectional Instructors from 1 January 2027 to 31 December 2027.","Ministry of Education - Schools","Administration & Training ⇒ Courses","GeBIZ","Quotation (GeBIZ listing)","28 Sep 2026 11:05 AM","07 Oct 2026 01:00PM","Open","https://www.gebiz.gov.sg/ptn/opportunity/directlink.xhtml?docCode=MOESCHETQ26004251"
"MOESCHETQ26004257","Provision of Instructors for Chinese Orchestra CCA Training Programme for Bedok South Secondary School for 2027","Ministry of Education - Schools","Administration & Training ⇒ Courses","GeBIZ","Quotation (GeBIZ listing)","28 Sep 2026 11:05 AM","07 Oct 2026 01:00PM","Open","https://www.gebiz.gov.sg/ptn/opportunity/directlink.xhtml?docCode=MOESCHETQ26004257"
"MOESCHETQ26004256","Supply of Instructors for Bowling CCA Training Programme in Maris Stella High School (Primary) in Year 2027 with an Option to Renew in Year 2028","Ministry of Education - Schools","Administration & Training ⇒ Courses","GeBIZ","Quotation (GeBIZ listing)","28 Sep 2026 11:05 AM","07 Oct 2026 01:00PM","Open","https://www.gebiz.gov.sg/ptn/opportunity/directlink.xhtml?docCode=MOESCHETQ26004256"
"MOESCHETQ26004253","Supply of Instructor for Choir CCA Training Programme (the ""Programme"") in Anglo-Chinese School (Junior)","Ministry of Education - Schools","Administration & Training ⇒ Courses","GeBIZ","Quotation (GeBIZ listing)","28 Sep 2026 11:05 AM","07 Oct 2026 01:00PM","Open","https://www.gebiz.gov.sg/ptn/opportunity/directlink.xhtml?docCode=MOESCHETQ26004253"
"CAA000ETQ26000028","Provision of Comprehensive Maintenance Services for Private Automatic Branch Exchange System","Civil Aviation Authority of Singapore","IT&Telecommunication ⇒ Telecommunication Devices","GeBIZ","Quotation (GeBIZ listing)","28 Sep 2026 11:05 AM","09 Oct 2026 01:00PM","Open","https://www.gebiz.gov.sg/ptn/opportunity/directlink.xhtml?docCode=CAA000ETQ26000028"
"MOESCHETQ26004169","Instructors for Badminton CCA Training Programme (Boys and Girls Teams) for 01 Jan 2027 to 31 Dec 2027","Ministry of Education - Schools","Services ⇒ Data Entry, Supply of Manpower Services","GeBIZ","Quotation (GeBIZ listing)","28 Sep 2026 10:50 AM","07 Oct 2026 01:00PM","Open","https://www.gebiz.gov.sg/ptn/opportunity/directlink.xhtml?docCode=MOESCHETQ26004169"
"CCYNYCETQ26000022","ITQ FOR PROVISION OF AUDIT SERVICES FOR NATIONAL YOUTH FUND FINANCIAL STATEMENT","Ministry of Culture, Community and Youth - National Youth Council","Services ⇒ Professional Services","GeBIZ","Quotation (GeBIZ listing)","28 Sep 2026 10:35 AM","12 Oct 2026 01:00PM","Open","https://www.gebiz.gov.sg/ptn/opportunity/directlink.xhtml?docCode=CCYNYCETQ26000022"
"MOESCHETQ26004250","Provision of Ad-hoc Bus Transport Services to CHIJ (Katong) Primary From 01 January to 31 December 2027.","Ministry of Education - Schools","Transportation ⇒ Bus Hire","GeBIZ","Quotation (GeBIZ listing)","28 Sep 2026 10:35 AM","07 Oct 2026 01:00PM","Open","https://www.gebiz.gov.sg/ptn/opportunity/directlink.xhtml?docCode=MOESCHETQ26004250"
"MOESCHETQ26004081","Supply of Instructor for Dance CCA Training Programme in Eunoia Junior College","Ministry of Education - Schools","Services ⇒ Data Entry, Supply of Manpower Services","GeBIZ","Quotation (GeBIZ listing)","28 Sep 2026 10:35 AM","07 Oct 2026 01:00PM","Open","https://www.gebiz.gov.sg/ptn/opportunity/directlink.xhtml?docCode=MOESCHETQ26004081"
"MOESCHETQ26004079","Supply of Instructor for Choir CCA Training Programme in Eunoia Junior College","Ministry of Education - Schools","Services ⇒ Data Entry, Supply of Manpower Services","GeBIZ","Quotation (GeBIZ listing)","28 Sep 2026 10:35 AM","07 Oct 2026 01:00PM","Open","https://www.gebiz.gov.sg/ptn/opportunity/directlink.xhtml?docCode=MOESCHETQ26004079"
"MOESCHETQ26004244","Supply of Manpower Services for Science Laboratory Technician for Base Period 2027 with an Option Period 2028 in CHIJ (Katong) Primary.","Ministry of Education - Schools","Services ⇒ Data Entry, Supply of Manpower Services","GeBIZ","Quotation (GeBIZ listing)","28 Sep 2026 10:35 AM","07 Oct 2026 01:00PM","Open","https://www.gebiz.gov.sg/ptn/opportunity/directlink.xhtml?docCode=MOESCHETQ26004244"
"MOESCHETQ26004249","Provision of Musical Production Services for Boon Lay Garden Primary School 50th Anniversary (BLG50) Original Musical at an External Venue.","Ministry of Education - Schools","Administration & Training ⇒ Music & Video","GeBIZ","Quotation (GeBIZ listing)","28 Sep 2026 10:35 AM","07 Oct 2026 01:00PM","Open","https://www.gebiz.gov.sg/ptn/opportunity/directlink.xhtml?docCode=MOESCHETQ26004249"
"MOESCHETQ26004164","Supply of Manpower Services for Receptionist for Base Period 2027 with an Option Period 2028 in CHIJ (Katong) Primary.","Ministry of Education - Schools","Services ⇒ Data Entry, Supply of Manpower Services","GeBIZ","Quotation (GeBIZ listing)","28 Sep 2026 10:35 AM","07 Oct 2026 01:00PM","Open","https://www.gebiz.gov.sg/ptn/opportunity/directlink.xhtml?docCode=MOESCHETQ26004164"
"MOESCHETQ26004223","Supply of Instructor for Symphonic Band CCA Training Programme in Loyang View Secondary School for Year 2027","Ministry of Education - Schools","Services ⇒ Data Entry, Supply of Manpower Services","GeBIZ","Quotation (GeBIZ listing)","28 Sep 2026 10:20 AM","07 Oct 2026 01:00PM","Open","https://www.gebiz.gov.sg/ptn/opportunity/directlink.xhtml?docCode=MOESCHETQ26004223"
"MOESCHETQ26004236","Supply of Instructors for Debate Enrichment Programme in Waterway Primary School","Ministry of Education - Schools","Administration & Training ⇒ Courses","GeBIZ","Quotation (GeBIZ listing)","28 Sep 2026 09:50 AM","07 Oct 2026 01:00PM","Open","https://www.gebiz.gov.sg/ptn/opportunity/directlink.xhtml?docCode=MOESCHETQ26004236"
"SFA000ETQ26000026","The supply and delivery of three (3) units of area monitor with one (1) year warranty","Singapore Food Agency","Dental, Medical & Laboratory ⇒ Laboratory Equipment & Supplies","GeBIZ","Quotation (GeBIZ listing)","28 Sep 2026 09:50 AM","07 Oct 2026 01:00PM","Open","https://www.gebiz.gov.sg/ptn/opportunity/directlink.xhtml?docCode=SFA000ETQ26000026"
"NYP000ETQ26000160","Supply, Delivery, Installation and Commissioning of Quadruped Robot","Nanyang Polytechnic","IT&Telecommunication ⇒ Telecommunication Devices","GeBIZ","Quotation (GeBIZ listing)","28 Sep 2026 09:35 AM","07 Oct 2026 01:00PM","Open","https://www.gebiz.gov.sg/ptn/opportunity/directlink.xhtml?docCode=NYP000ETQ26000160"
"STB000ETT26000030","TENDER FOR LIFT UPGRADING WORKS AND REPLACEMENT OF SECURITY ACCESS SYSTEM","Singapore Tourism Board","Construction ⇒ Others","GeBIZ","Tender (GeBIZ listing)","28 Sep 2026 09:20 AM","26 Oct 2026 04:00PM","Open","https://www.gebiz.gov.sg/ptn/opportunity/directlink.xhtml?docCode=STB000ETT26000030"
"FINHQ0ETQ26000004","(ITQ) PROCUREMENT OF POWER PDF 2025 PERPETUAL LICENSES","Ministry of Finance-Ministry Headquarter","IT&Telecommunication ⇒ Softwares & Licences","GeBIZ","Quotation (GeBIZ listing)","28 Sep 2026 09:20 AM","07 Oct 2026 01:00PM","Open","https://www.gebiz.gov.sg/ptn/opportunity/directlink.xhtml?docCode=FINHQ0ETQ26000004"
"MOESCHETQ26004140","Supply of Instructor for Badminton Girls CCA Training Programme","Ministry of Education - Schools","Services ⇒ Data Entry, Supply of Manpower Services","GeBIZ","Quotation (GeBIZ listing)","28 Sep 2026 09:05 AM","07 Oct 2026 01:00PM","Open","https://www.gebiz.gov.sg/ptn/opportunity/directlink.xhtml?docCode=MOESCHETQ26004140"
"HDB000ETQ26000173","QUOTATION TO CALL WORKPLACE SAFETY AND HEALTH AUDITS FOR HDB COMMERCIAL COMPLEXES","Housing and Development Board","Facilities Management ⇒ Building, M&E Maintenance","GeBIZ","Quotation (GeBIZ listing)","28 Sep 2026 08:50 AM","09 Oct 2026 01:00PM","Open","https://www.gebiz.gov.sg/ptn/opportunity/directlink.xhtml?docCode=HDB000ETQ26000173"
"NPO000ETQ26000122","(FY26/HS/018/ITQ) Purchase of energy saving stationary air compressor with 4 years of preventive maintenance","Ngee Ann Polytechnic","Dental, Medical & Laboratory ⇒ Laboratory Equipment & Supplies","GeBIZ","Quotation (GeBIZ listing)","28 Sep 2026 08:50 AM","16 Oct 2026 01:00PM","Open","https://www.gebiz.gov.sg/ptn/opportunity/directlink.xhtml?docCode=NPO000ETQ26000122"
"MOESCHETQ26004235","Supply of One Debating &/or MUN Instructor for Saints Debate and Diplomacy Club CCA Training in St. Andrew's Junior College","Ministry of Education - Schools","Services ⇒ Data Entry, Supply of Manpower Services","GeBIZ","Quotation (GeBIZ listing)","28 Sep 2026 07:35 AM","07 Oct 2026 01:00PM","Open","https://www.gebiz.gov.sg/ptn/opportunity/directlink.xhtml?docCode=MOESCHETQ26004235"
"RPO000ETT26000024","Provision of Administrative Support Services for ACE","Republic Polytechnic","Services ⇒ Data Entry, Supply of Manpower Services","GeBIZ","Tender (GeBIZ listing)","28 Sep 2026 12:05 AM","12 Oct 2026 04:00PM","Open","https://www.gebiz.gov.sg/ptn/opportunity/directlink.xhtml?docCode=RPO000ETT26000024"
"DEFNGPP7126101809","Supply of H225M Helicopter Spares","Ministry of Defence 6","Miscellaneous ⇒ Others","GeBIZ","","28 Sep 2026 12:05 AM","07 Oct 2026 01:00PM","Open","https://www.gebiz.gov.sg/ptn/opportunity/directlink.xhtml?docCode=DEFNGPP7126101809"
"NYP000ETQ26000158","One-Year Comprehensive Maintenance Contract for LED Video Wall with an option to extend for another year","Nanyang Polytechnic","Furniture, Office Equipment & Audio-Visual ⇒ AV Equipment, Photographic Equipment & Accessories","GeBIZ","Quotation (GeBIZ listing)","28 Sep 2026 12:05 AM","19 Oct 2026 01:00PM","Open","https://www.gebiz.gov.sg/ptn/opportunity/directlink.xhtml?docCode=NYP000ETQ26000158"
"INDHCIETQ26000075","Supply of Main Instructor for School Band CCA Training Programme in Hwa Chong Institution","Hwa Chong Institution","Administration & Training ⇒ Courses","GeBIZ","Quotation (GeBIZ listing)","28 Sep 2026 12:05 AM","07 Oct 2026 01:00PM","Open","https://www.gebiz.gov.sg/ptn/opportunity/directlink.xhtml?docCode=INDHCIETQ26000075"
"INDHCIETQ26000076","Supply of Assistant Instructor for School Band CCA Training Programme in Hwa Chong Institution","Hwa Chong Institution","Administration & Training ⇒ Courses","GeBIZ","Quotation (GeBIZ listing)","28 Sep 2026 12:05 AM","07 Oct 2026 01:00PM","Open","https://www.gebiz.gov.sg/ptn/opportunity/directlink.xhtml?docCode=INDHCIETQ26000076"
"DEFNGPP7126101479","Supply and Installation of Propeller Guards for Outboard Motors","Ministry of Defence 6","Miscellaneous ⇒ Others","GeBIZ","","25 Sep 2026 09:05 PM","19 Oct 2026 04:00PM","Open","https://www.gebiz.gov.sg/ptn/opportunity/directlink.xhtml?docCode=DEFNGPP7126101479"
"PAS000ETT26000089","Be My Movie Kaki Indoor/Outdoor Movie screening package","People's Association","Event Organising, Food & Beverages ⇒ Event Organising","GeBIZ","Tender (GeBIZ listing)","25 Sep 2026 09:05 PM","08 Oct 2026 04:00PM","Open","https://www.gebiz.gov.sg/ptn/opportunity/directlink.xhtml?docCode=PAS000ETT26000089"
"MHA00003000029470","PROCUREMENT AND MAINTENANCE OF SECURITY DETECTORS","Ministry of Home Affairs - Ministry Headquarter 1","Miscellaneous ⇒ Others","GeBIZ","","25 Sep 2026 07:50 PM","27 Oct 2026 04:00PM","Open","https://www.gebiz.gov.sg/ptn/opportunity/directlink.xhtml?docCode=MHA00003000029470"
"DEFNGPP7126101735","Provision of Targeted Training Regimen","Ministry of Defence 6","Miscellaneous ⇒ Others","GeBIZ","","25 Sep 2026 07:20 PM","19 Oct 2026 04:00PM","Open","https://www.gebiz.gov.sg/ptn/opportunity/directlink.xhtml?docCode=DEFNGPP7126101735"
"SDC000ETT26000027","PURCHASE & RENEWAL OF MICROSOFT LICENSES","Sentosa Development Corporation","IT&Telecommunication ⇒ Softwares & Licences","GeBIZ","Tender (GeBIZ listing)","25 Sep 2026 06:20 PM","09 Oct 2026 04:00PM","Open","https://www.gebiz.gov.sg/ptn/opportunity/directlink.xhtml?docCode=SDC000ETT26000027"
"RPO000ETQ26000100","Quotation for Server Infrastructure Maintenance for OIS","Republic Polytechnic","IT&Telecommunication ⇒ Servers","GeBIZ","Quotation (GeBIZ listing)","25 Sep 2026 05:20 PM","05 Oct 2026 01:00PM","Open","https://www.gebiz.gov.sg/ptn/opportunity/directlink.xhtml?docCode=RPO000ETQ26000100"
"MOESCHETQ26004238","Supply of Manpower for Operations Manager (Student Management) in North View Primary School","Ministry of Education - Schools","Services ⇒ Data Entry, Supply of Manpower Services","GeBIZ","Quotation (GeBIZ listing)","25 Sep 2026 05:05 PM","05 Oct 2026 01:00PM","Open","https://www.gebiz.gov.sg/ptn/opportunity/directlink.xhtml?docCode=MOESCHETQ26004238"
"MOESCHETQ26004179","Volleyball Boys and Girls CCA Training Programme in Elias Park Primary School for year 2027 plus option Year 2028 and 2029","Ministry of Education - Schools","Services ⇒ Data Entry, Supply of Manpower Services","GeBIZ","Quotation (GeBIZ listing)","25 Sep 2026 05:05 PM","05 Oct 2026 01:00PM","Open","https://www.gebiz.gov.sg/ptn/opportunity/directlink.xhtml?docCode=MOESCHETQ26004179"
"MOESCHETQ26004226","Supply of Instructor for Wushu CCA Programme in CCKSS for a period of 2 Years from 2027 to 2028 with an Option to Extend Another Year","Ministry of Education - Schools","Services ⇒ Data Entry, Supply of Manpower Services","GeBIZ","Quotation (GeBIZ listing)","25 Sep 2026 04:20 PM","05 Oct 2026 01:00PM","Open","https://www.gebiz.gov.sg/ptn/opportunity/directlink.xhtml?docCode=MOESCHETQ26004226"
"MOESCHETQ26004234","Supply of Instructor for Netball CCA Training Programme in Punggol Secondary School for 2027 (Base Year) and 2028 (Option Year)","Ministry of Education - Schools","Services ⇒ Data Entry, Supply of Manpower Services","GeBIZ","Quotation (GeBIZ listing)","25 Sep 2026 04:05 PM","05 Oct 2026 01:00PM","Open","https://www.gebiz.gov.sg/ptn/opportunity/directlink.xhtml?docCode=MOESCHETQ26004234"
"MHA00003000029462","PROVISION OF INTERMEDIATE LEVEL ENTERPRISE RISK MANAGEMENT TRAINING FOR MHA OFFICERS","Ministry of Home Affairs - Ministry Headquarter 1","Miscellaneous ⇒ Others","GeBIZ","","25 Sep 2026 04:05 PM","09 Oct 2026 01:00PM","Open","https://www.gebiz.gov.sg/ptn/opportunity/directlink.xhtml?docCode=MHA00003000029462"
"RPO000ETQ26000099","Quotation for Whole Genome Sequencing, Genome Assembly and Genome Annotation Services for Fish Tissue Samples for SAS","Republic Polytechnic","Services ⇒ Professional Services","GeBIZ","Quotation (GeBIZ listing)","25 Sep 2026 03:50 PM","06 Oct 2026 01:00PM","Open","https://www.gebiz.gov.sg/ptn/opportunity/directlink.xhtml?docCode=RPO000ETQ26000099"
"HDB000ETT26000127","ELECTRICAL LOAD UPGRADING PROGRAMME (ELUP) BATCH 4 PROJECT 3 (CENTRAL SOUTH ZONE)","Housing and Development Board","Construction ⇒ General Building & Minor Construction Works","GeBIZ","Tender (GeBIZ listing)","25 Sep 2026 03:35 PM","06 Nov 2026 04:00PM","Open","https://www.gebiz.gov.sg/ptn/opportunity/directlink.xhtml?docCode=HDB000ETT26000127"
"MOE000ETQ26000232","ICT Manpower Services (ICT Executive)","Ministry of Education","Services ⇒ Data Entry, Supply of Manpower Services","GeBIZ","Quotation (GeBIZ listing)","25 Sep 2026 03:35 PM","05 Oct 2026 01:00PM","Open","https://www.gebiz.gov.sg/ptn/opportunity/directlink.xhtml?docCode=MOE000ETQ26000232"
"MOESCHETQ26003990","Supply of Instructor for Concert Band CCA Training Programme in Zhonghua Secondary School","Ministry of Education - Schools","Services ⇒ Data Entry, Supply of Manpower Services","GeBIZ","Quotation (GeBIZ listing)","25 Sep 2026 03:05 PM","05 Oct 2026 01:00PM","Open","https://www.gebiz.gov.sg/ptn/opportunity/directlink.xhtml?docCode=MOESCHETQ26003990"
"HDB000ETT26000172","OFFICE RECONFIGURATION AND RENOVATION WORKS AT HDB WEST WING L9, L10","Housing and Development Board","Construction ⇒ Interior Decoration","GeBIZ","Tender (GeBIZ listing)","25 Sep 2026 02:50 PM","19 Oct 2026 04:00PM","Open","https://www.gebiz.gov.sg/ptn/opportunity/directlink.xhtml?docCode=HDB000ETT26000172"
"MOESCHETQ26004233","Supply of Instructor for Modern Dance CCA training programme in Jing Shan Primary School","Ministry of Education - Schools","Services ⇒ Data Entry, Supply of Manpower Services","GeBIZ","Quotation (GeBIZ listing)","25 Sep 2026 02:50 PM","05 Oct 2026 01:00PM","Open","https://www.gebiz.gov.sg/ptn/opportunity/directlink.xhtml?docCode=MOESCHETQ26004233"
"MOESCHETQ26004232","Supply, Delivery and Installation of Wall Stickers for Naval Base Primary School, Level 2 Innovation Hub","Ministry of Education - Schools","Administration & Training ⇒ Music & Video","GeBIZ","Quotation (GeBIZ listing)","25 Sep 2026 02:35 PM","05 Oct 2026 01:00PM","Open","https://www.gebiz.gov.sg/ptn/opportunity/directlink.xhtml?docCode=MOESCHETQ26004232"
"MOESCHETQ26004220","Supply of Instructor for Orientation Group Leader (OGL) Camp and Sec 1 Orientation Programme in Broadrick Secondary School","Ministry of Education - Schools","Administration & Training ⇒ Courses","GeBIZ","Quotation (GeBIZ listing)","25 Sep 2026 02:35 PM","05 Oct 2026 01:00PM","Open","https://www.gebiz.gov.sg/ptn/opportunity/directlink.xhtml?docCode=MOESCHETQ26004220"
"MOESCHETQ26004210","Provision of CCA Show Choir Instructors (Dance Choreography and Vocal Choir) for 2027 and Option to Exercise for 2028 in Broadrick Secondary School","Ministry of Education - Schools","Services ⇒ Professional Services","GeBIZ","Quotation (GeBIZ listing)","25 Sep 2026 02:35 PM","05 Oct 2026 01:00PM","Open","https://www.gebiz.gov.sg/ptn/opportunity/directlink.xhtml?docCode=MOESCHETQ26004210"
"INDMGSETQ26000009","Provision of Travel Services for Networking Trips to Methodist Girls' School (Secondary)","Methodist Girls' School (Secondary)","Transportation ⇒ Ticketing, Travel Services, Tours & Excursions","GeBIZ","Quotation (GeBIZ listing)","25 Sep 2026 02:35 PM","05 Oct 2026 01:00PM","Open","https://www.gebiz.gov.sg/ptn/opportunity/directlink.xhtml?docCode=INDMGSETQ26000009"
"JTC000EPQ26000014","FEASIBILITY STUDY AND DESIGN-BUILD-OWN-OPERATE (OPTIONAL) FOR INDUSTRIAL WASTEWATER TREATMENT PLANT","Jurong Town Corporation","Services ⇒ Professional Services","GeBIZ","","25 Sep 2026 02:20 PM","26 Oct 2026 04:00PM","Open","https://www.gebiz.gov.sg/ptn/opportunity/directlink.xhtml?docCode=JTC000EPQ26000014"
"RGS000ETQ26000022","Provision of Navigation Challenge Program in Sentosa","Raffles Girls' School (Secondary)","Administration & Training ⇒ Courses","GeBIZ","Quotation (GeBIZ listing)","25 Sep 2026 02:20 PM","05 Oct 2026 01:00PM","Open","https://www.gebiz.gov.sg/ptn/opportunity/directlink.xhtml?docCode=RGS000ETQ26000022"
"MOESCHETQ26004227","Supply of Instructor for Chinese Dance CCA training programme in Jing Shan Primary School","Ministry of Education - Schools","Services ⇒ Data Entry, Supply of Manpower Services","GeBIZ","Quotation (GeBIZ listing)","25 Sep 2026 02:05 PM","05 Oct 2026 01:00PM","Open","https://www.gebiz.gov.sg/ptn/opportunity/directlink.xhtml?docCode=MOESCHETQ26004227"
"MOESCHETQ26004228","Provision of ONE instructor for Softball CCA Training Programme in Riverside Secondary School.","Ministry of Education - Schools","Services ⇒ Data Entry, Supply of Manpower Services","GeBIZ","Quotation (GeBIZ listing)","25 Sep 2026 01:50 PM","05 Oct 2026 01:00PM","Open","https://www.gebiz.gov.sg/ptn/opportunity/directlink.xhtml?docCode=MOESCHETQ26004228"
"MOESCHETQ26004225","Supply, installation and Commissioning of CCTV at Jurongville Secondary School","Ministry of Education - Schools","Administration & Training ⇒ Music & Video","GeBIZ","Quotation (GeBIZ listing)","25 Sep 2026 01:35 PM","12 Oct 2026 01:00PM","Open","https://www.gebiz.gov.sg/ptn/opportunity/directlink.xhtml?docCode=MOESCHETQ26004225"
"MOE000ETQ26000231","Supply, deliver, installation, testing & commissioning of Electronic Key Management System","Ministry of Education","IT&Telecommunication ⇒ IT Services & Software Development","GeBIZ","Quotation (GeBIZ listing)","25 Sep 2026 01:20 PM","05 Oct 2026 01:00PM","Open","https://www.gebiz.gov.sg/ptn/opportunity/directlink.xhtml?docCode=MOE000ETQ26000231"
"MOESCHETQ26004216","PROVISION OF AD-HOC BUS TRANSPORT SERVICES FOR WHITE SANDS PRIMARY SCHOOL FOR 1 JAN 2027 TO 31 DEC 2027","Ministry of Education - Schools","Transportation ⇒ Bus Hire","GeBIZ","Quotation (GeBIZ listing)","25 Sep 2026 12:50 PM","05 Oct 2026 01:00PM","Open","https://www.gebiz.gov.sg/ptn/opportunity/directlink.xhtml?docCode=MOESCHETQ26004216"
"RPO000ETQ26000098","Quotation for Land Services for Adult Learning Trip to Guangzhou and Shenzhen, China in December 2026 for SOI","Republic Polytechnic","Transportation ⇒ Ticketing, Travel Services, Tours & Excursions","GeBIZ","Quotation (GeBIZ listing)","25 Sep 2026 12:35 PM","12 Oct 2026 01:00PM","Open","https://www.gebiz.gov.sg/ptn/opportunity/directlink.xhtml?docCode=RPO000ETQ26000098"
"DEFNGPP7126100430","Rental of Show Lighting and Laser Systems","Ministry of Defence 6","Miscellaneous ⇒ Others","GeBIZ","","25 Sep 2026 12:20 PM","20 Oct 2026 04:00PM","Open","https://www.gebiz.gov.sg/ptn/opportunity/directlink.xhtml?docCode=DEFNGPP7126100430"
"HDB000ERF26000006","EOI FOR THE MD (AR, CS, ME & QS) CONSULTANCY SERVICES FOR ROOF SHELTER WORKS AT VARIOUS MSCP FOR A PERIOD OF THREE YEARS","Housing and Development Board","Services ⇒ Professional Services","GeBIZ","","25 Sep 2026 12:20 PM","09 Oct 2026 04:00PM","Open","https://www.gebiz.gov.sg/ptn/opportunity/directlink.xhtml?docCode=HDB000ERF26000006"
"NPB000ETT26000107","TENANCY TO OCCUPY, MANAGE AND OPERATE A SEA SPORTS CENTRE IN 131 PASIR RIS ROAD, PASIR RIS PARK, SINGAPORE 519148 (NEAR CARPARK E)","National Parks Board","Miscellaneous ⇒ Others","GeBIZ","Tender (GeBIZ listing)","25 Sep 2026 12:05 PM","26 Oct 2026 04:00PM","Open","https://www.gebiz.gov.sg/ptn/opportunity/directlink.xhtml?docCode=NPB000ETT26000107"
"MOESCHETQ26004172","Instructor for Basketball CCA (C Boys) for 16 Oct 2026 to 31 Dec 2027","Ministry of Education - Schools","Services ⇒ Data Entry, Supply of Manpower Services","GeBIZ","Quotation (GeBIZ listing)","25 Sep 2026 12:05 PM","05 Oct 2026 01:00PM","Open","https://www.gebiz.gov.sg/ptn/opportunity/directlink.xhtml?docCode=MOESCHETQ26004172"
"LTA000ETT26000104","Procurement of Electric Vehicle (EV) Quarantine Services","Land Transport Authority","Transportation ⇒ Others","GeBIZ","Tender (GeBIZ listing)","25 Sep 2026 11:50 AM","09 Oct 2026 04:00PM","Open","https://www.gebiz.gov.sg/ptn/opportunity/directlink.xhtml?docCode=LTA000ETT26000104"
"MOESCHETQ26004219","INSTALL, OPERATE & MAINTAIN DRINKS & SNACKS VENDING MACHINES IN MARIS STELLA HIGH SCHOOL (SECONDARY)","Ministry of Education - Schools","Event Organising, Food & Beverages ⇒ Pantry Supplies","GeBIZ","Quotation (GeBIZ listing)","25 Sep 2026 11:50 AM","06 Oct 2026 01:00PM","Open","https://www.gebiz.gov.sg/ptn/opportunity/directlink.xhtml?docCode=MOESCHETQ26004219"
"MOESCHETQ26004194","Supply of Instructor for Modern Dance CCA Training Programme for Rosyth School in 2027 (Option year 2028)","Ministry of Education - Schools","Services ⇒ Data Entry, Supply of Manpower Services","GeBIZ","Quotation (GeBIZ listing)","25 Sep 2026 11:50 AM","05 Oct 2026 01:00PM","Open","https://www.gebiz.gov.sg/ptn/opportunity/directlink.xhtml?docCode=MOESCHETQ26004194"
"MOESCHETQ26004180","Supply of Instructor for Chinese Dance CCA Training Programme for Rosyth School in 2027 (Option year 2028)","Ministry of Education - Schools","Services ⇒ Data Entry, Supply of Manpower Services","GeBIZ","Quotation (GeBIZ listing)","25 Sep 2026 11:50 AM","05 Oct 2026 01:00PM","Open","https://www.gebiz.gov.sg/ptn/opportunity/directlink.xhtml?docCode=MOESCHETQ26004180"
"DEFNGPP7126101773","Supply Of Ship Spares","Ministry of Defence 6","Miscellaneous ⇒ Others","GeBIZ","","25 Sep 2026 11:35 AM","06 Nov 2026 04:00PM","Open","https://www.gebiz.gov.sg/ptn/opportunity/directlink.xhtml?docCode=DEFNGPP7126101773"
"MOESCHETQ26004217","Junyuan Pri Sch - Supply of Instructors for P4, P5 & P6 Mathematics Olympiad Training for Base Year 2027 with option to Extend for Year 2028 & 2029","Ministry of Education - Schools","Administration & Training ⇒ Courses","GeBIZ","Quotation (GeBIZ listing)","25 Sep 2026 11:35 AM","05 Oct 2026 01:00PM","Open","https://www.gebiz.gov.sg/ptn/opportunity/directlink.xhtml?docCode=MOESCHETQ26004217"
"MOESCHETQ26004202","Junyuan Pri Sch - Supply of Instructor for Volleyball (Boys & Girls) CCA Training Programme for Year 2027 with Option to Extend for Year 2028","Ministry of Education - Schools","Services ⇒ Data Entry, Supply of Manpower Services","GeBIZ","Quotation (GeBIZ listing)","25 Sep 2026 11:35 AM","05 Oct 2026 01:00PM","Open","https://www.gebiz.gov.sg/ptn/opportunity/directlink.xhtml?docCode=MOESCHETQ26004202"
"PUB000ETT26000120","Replacement of Granular Activated Carbon (GAC) Media at Choa Chu Kang Waterworks","Public Utilities Board","Facilities Management ⇒ Building, M&E Maintenance","GeBIZ","Tender (GeBIZ listing)","25 Sep 2026 11:20 AM","29 Oct 2026 04:00PM","Open","https://www.gebiz.gov.sg/ptn/opportunity/directlink.xhtml?docCode=PUB000ETT26000120"
"MOESCHETQ26004201","CHIJ Sec: Provision of coaching services for Concert Band CCA from 1 Jan to 31 Dec 2027","Ministry of Education - Schools","Services ⇒ Data Entry, Supply of Manpower Services","GeBIZ","Quotation (GeBIZ listing)","25 Sep 2026 11:20 AM","05 Oct 2026 01:00PM","Open","https://www.gebiz.gov.sg/ptn/opportunity/directlink.xhtml?docCode=MOESCHETQ26004201"
"MOESCHETQ26004218","Supply of Instructor for Netball CCA Training Programme for the Base year (2027), Option year 1 (2028) and Option year 2 (2029)","Ministry of Education - Schools","Services ⇒ Data Entry, Supply of Manpower Services","GeBIZ","Quotation (GeBIZ listing)","25 Sep 2026 11:20 AM","09 Oct 2026 01:00PM","Open","https://www.gebiz.gov.sg/ptn/opportunity/directlink.xhtml?docCode=MOESCHETQ26004218"
"MOESCHETQ26004035","Services of an Instructor for MODERN DANCE CCA Training Programme for Year 2027 with option to extend to 2028. (Tampines North Primary School)","Ministry of Education - Schools","Services ⇒ Data Entry, Supply of Manpower Services","GeBIZ","Quotation (GeBIZ listing)","25 Sep 2026 11:05 AM","05 Oct 2026 01:00PM","Open","https://www.gebiz.gov.sg/ptn/opportunity/directlink.xhtml?docCode=MOESCHETQ26004035"
"MOESCHETQ26004033","Services of instructor for Malay Dance CCA for the year 2027 with option to extend to 2028. (Tampines North Primary School)","Ministry of Education - Schools","Services ⇒ Data Entry, Supply of Manpower Services","GeBIZ","Quotation (GeBIZ listing)","25 Sep 2026 11:05 AM","05 Oct 2026 01:00PM","Open","https://www.gebiz.gov.sg/ptn/opportunity/directlink.xhtml?docCode=MOESCHETQ26004033"
"MOESCHETQ26004222","Supply of Instructor for Basketball CCA Training Programme for Chung Cheng High School (Main)","Ministry of Education - Schools","Services ⇒ Data Entry, Supply of Manpower Services","GeBIZ","Quotation (GeBIZ listing)","25 Sep 2026 11:05 AM","05 Oct 2026 01:00PM","Open","https://www.gebiz.gov.sg/ptn/opportunity/directlink.xhtml?docCode=MOESCHETQ26004222"
"MOESCHETQ26004147","Supply of Teacher Aide in Science Rooms","Ministry of Education - Schools","Services ⇒ Data Entry, Supply of Manpower Services","GeBIZ","Quotation (GeBIZ listing)","25 Sep 2026 11:05 AM","05 Oct 2026 01:00PM","Open","https://www.gebiz.gov.sg/ptn/opportunity/directlink.xhtml?docCode=MOESCHETQ26004147"
"MOESCHETQ26004211","Supply of Instructor for Track & Field CCA Training Programme in Teck Whye Primary School","Ministry of Education - Schools","Services ⇒ Data Entry, Supply of Manpower Services","GeBIZ","Quotation (GeBIZ listing)","25 Sep 2026 10:50 AM","05 Oct 2026 01:00PM","Open","https://www.gebiz.gov.sg/ptn/opportunity/directlink.xhtml?docCode=MOESCHETQ26004211"
"NYP000ETQ26000159","Invitation To Quote (ITQ) for the Supply, Delivery, Installation and Commissioning of Bipedal Humanoid Robot Platform","Nanyang Polytechnic","Workshop Equipment and Services ⇒ Workshop Machinery, DIY Machinery & Supplies","GeBIZ","Quotation (GeBIZ listing)","25 Sep 2026 10:50 AM","05 Oct 2026 01:00PM","Open","https://www.gebiz.gov.sg/ptn/opportunity/directlink.xhtml?docCode=NYP000ETQ26000159"
"MOESCHETQ26004173","Provision of Manpower Receptionist cum Administrative for Ang Mo Kio Primary School for Year 2027 (1 Jan 2027 to 31 Dec 2027)","Ministry of Education - Schools","Services ⇒ Data Entry, Supply of Manpower Services","GeBIZ","Quotation (GeBIZ listing)","25 Sep 2026 10:50 AM","05 Oct 2026 01:00PM","Open","https://www.gebiz.gov.sg/ptn/opportunity/directlink.xhtml?docCode=MOESCHETQ26004173"
"MOESCHETQ26004199","Swiss Cottage Sec Sch - Supply of 2 coaches for Basketball (Boys) & Basketball (Girls) for a period of one year, from 1 Jan 2027 to 31 Dec 2027..","Ministry of Education - Schools","Administration & Training ⇒ Courses","GeBIZ","Quotation (GeBIZ listing)","25 Sep 2026 10:35 AM","05 Oct 2026 01:00PM","Open","https://www.gebiz.gov.sg/ptn/opportunity/directlink.xhtml?docCode=MOESCHETQ26004199"
"MOESCHETQ26004204","Supply Of Instructor For Festive Drumming CCA Training Programme In Nan Chiau Primary School","Ministry of Education - Schools","Administration & Training ⇒ Courses","GeBIZ","Quotation (GeBIZ listing)","25 Sep 2026 10:20 AM","05 Oct 2026 01:00PM","Open","https://www.gebiz.gov.sg/ptn/opportunity/directlink.xhtml?docCode=MOESCHETQ26004204"
"RPO000ETT26000020","Supply of Audio Equipment for STA","Republic Polytechnic","Furniture, Office Equipment & Audio-Visual ⇒ AV Equipment, Photographic Equipment & Accessories","GeBIZ","Tender (GeBIZ listing)","25 Sep 2026 10:05 AM","15 Oct 2026 04:00PM","Open","https://www.gebiz.gov.sg/ptn/opportunity/directlink.xhtml?docCode=RPO000ETT26000020"
"CPF000ETT26000022","Audit Services for MediSave and MediShield Life Claims","Central Provident Fund Board","Services ⇒ Professional Services","GeBIZ","Tender (GeBIZ listing)","25 Sep 2026 09:50 AM","20 Oct 2026 04:00PM","Open","https://www.gebiz.gov.sg/ptn/opportunity/directlink.xhtml?docCode=CPF000ETT26000022"
"MOESCHETQ26004200","Supply of Instructor for Chorale CCA Programme in Yishun Innova Junior College","Ministry of Education - Schools","Services ⇒ Data Entry, Supply of Manpower Services","GeBIZ","Quotation (GeBIZ listing)","25 Sep 2026 09:50 AM","05 Oct 2026 01:00PM","Open","https://www.gebiz.gov.sg/ptn/opportunity/directlink.xhtml?docCode=MOESCHETQ26004200"
"HDB000ETT26000171","Term Contract of Building Inspector Services for Building Works","Housing and Development Board","Services ⇒ Professional Services","GeBIZ","Tender (GeBIZ listing)","25 Sep 2026 09:20 AM","09 Oct 2026 04:00PM","Open","https://www.gebiz.gov.sg/ptn/opportunity/directlink.xhtml?docCode=HDB000ETT26000171"
"MOESCHETQ26004198","SUPPLY OF INSTRUCTORS FOR MALAY DANCE CCA IN 2027 WITH OPTION TO RENEW IN 2028 AND 2029","Ministry of Education - Schools","Services ⇒ Data Entry, Supply of Manpower Services","GeBIZ","Quotation (GeBIZ listing)","25 Sep 2026 09:20 AM","05 Oct 2026 01:00PM","Open","https://www.gebiz.gov.sg/ptn/opportunity/directlink.xhtml?docCode=MOESCHETQ26004198"
"HDB000ETQ26000172","Quotation For Hackathon Services 2026 (FY2026/Q089)","Housing and Development Board","Administration & Training ⇒ Photographic & Imaging Services","GeBIZ","Quotation (GeBIZ listing)","25 Sep 2026 09:05 AM","05 Oct 2026 01:00PM","Open","https://www.gebiz.gov.sg/ptn/opportunity/directlink.xhtml?docCode=HDB000ETQ26000172"
"HDB000ETQ26000170","TAKING OF STRUCTURAL HEALTH MONITORING (SHM) FIBRE OPTIC SENSORS MEASUREMENTS FOR A PERIOD OF 3 YEARS (2027)","Housing and Development Board","IT&Telecommunication ⇒ Others","GeBIZ","Quotation (GeBIZ listing)","25 Sep 2026 09:05 AM","16 Oct 2026 01:00PM","Open","https://www.gebiz.gov.sg/ptn/opportunity/directlink.xhtml?docCode=HDB000ETQ26000170"
"SPO000ETQ26000123","SPO-REQ-2026-006384-TIE-Invitation-to-Quote (ITQ) for the supply, delivery and commissioning of One unit of Laser Diffraction Particle Size Analyser","Singapore Polytechnic","Dental, Medical & Laboratory ⇒ Laboratory Equipment & Supplies","GeBIZ","Quotation (GeBIZ listing)","25 Sep 2026 09:05 AM","05 Oct 2026 01:00PM","Open","https://www.gebiz.gov.sg/ptn/opportunity/directlink.xhtml?docCode=SPO000ETQ26000123"
"MOESCHETQ26004151","Supply of Manpower Services for Printing & Administrative Support to Fairfield Methodist School (Secondary)","Ministry of Education - Schools","Services ⇒ Data Entry, Supply of Manpower Services","GeBIZ","Quotation (GeBIZ listing)","25 Sep 2026 08:50 AM","05 Oct 2026 01:00PM","Open","https://www.gebiz.gov.sg/ptn/opportunity/directlink.xhtml?docCode=MOESCHETQ26004151"
"DEFNGPP7126101588","Supply of Ship Spares","Ministry of Defence 6","Miscellaneous ⇒ Others","GeBIZ","","25 Sep 2026 08:05 AM","22 Oct 2026 04:00PM","Open","https://www.gebiz.gov.sg/ptn/opportunity/directlink.xhtml?docCode=DEFNGPP7126101588"
"MOESCHETQ26004175","Conceptualisation, design and installation of learning zones for SEED@TWPS in Teck Whye Primary School","Ministry of Education - Schools","Construction ⇒ Renovation Supplies & Services","GeBIZ","Quotation (GeBIZ listing)","25 Sep 2026 08:05 AM","08 Oct 2026 01:00PM","Open","https://www.gebiz.gov.sg/ptn/opportunity/directlink.xhtml?docCode=MOESCHETQ26004175"
"DEFNGPP7126101705","AH-64D Apache Spares","Ministry of Defence 6","Miscellaneous ⇒ Others","GeBIZ","","25 Sep 2026 12:05 AM","19 Oct 2026 04:00PM","Open","https://www.gebiz.gov.sg/ptn/opportunity/directlink.xhtml?docCode=DEFNGPP7126101705"
"NPO000ETT26000031","Subscription of NaaS for NP's HMIS and SDE Buildings for 3 years with an option to extend 2 years and ad-hoc services","Ngee Ann Polytechnic","IT&Telecommunication ⇒ Others","GeBIZ","Tender (GeBIZ listing)","25 Sep 2026 12:05 AM","26 Oct 2026 04:00PM","Open","https://www.gebiz.gov.sg/ptn/opportunity/directlink.xhtml?docCode=NPO000ETT26000031"
"PUB000ETT26000119","Provision of Enterprise Activity Monitoring and Alert System for Enhanced Protection of PUB's Underground Network Infrastructure","Public Utilities Board","IT&Telecommunication ⇒ IT Services & Software Development","GeBIZ","Tender (GeBIZ listing)","25 Sep 2026 12:05 AM","29 Oct 2026 04:00PM","Open","https://www.gebiz.gov.sg/ptn/opportunity/directlink.xhtml?docCode=PUB000ETT26000119"
"PUB000ETT26000118","Provision of Accredited Checker and Specialist Accredited Checker Services for Proposed Sewers to Serve Tengah New Town (Schedule I & II)","Public Utilities Board","Services ⇒ Professional Services","GeBIZ","Tender (GeBIZ listing)","25 Sep 2026 12:05 AM","08 Oct 2026 04:00PM","Open","https://www.gebiz.gov.sg/ptn/opportunity/directlink.xhtml?docCode=PUB000ETT26000118"
"PUB000ETT26000117","Servicing, Inspection and Functional Testing of Lifting Equipment and Surveillance Systems at Used Water Pumping Installations","Public Utilities Board","Facilities Management ⇒ Building, M&E Maintenance","GeBIZ","Tender (GeBIZ listing)","25 Sep 2026 12:05 AM","22 Oct 2026 04:00PM","Open","https://www.gebiz.gov.sg/ptn/opportunity/directlink.xhtml?docCode=PUB000ETT26000117"
"PUB000ETT26000113","Instrumentation and Monitoring Works for Flow Diversion and Demolition of Used Water Pumping Installations for the DTSS Phase 2 Project","Public Utilities Board","Construction ⇒ Others","GeBIZ","Tender (GeBIZ listing)","25 Sep 2026 12:05 AM","22 Oct 2026 04:00PM","Open","https://www.gebiz.gov.sg/ptn/opportunity/directlink.xhtml?docCode=PUB000ETT26000113"
"PUB000ETT26000115","Supply of Services for Real-Time CCTV Footages along Pipeline Reserve in Johor","Public Utilities Board","Facilities Management ⇒ Security Equipment & Supplies","GeBIZ","Tender (GeBIZ listing)","25 Sep 2026 12:05 AM","15 Oct 2026 04:00PM","Open","https://www.gebiz.gov.sg/ptn/opportunity/directlink.xhtml?docCode=PUB000ETT26000115"
"PUB000ETT26000116","Overhaul of Motors and Centrifugal Pumps at Various Singapore Waterworks and Desalination Plants","Public Utilities Board","Facilities Management ⇒ Building, M&E Maintenance","GeBIZ","Tender (GeBIZ listing)","25 Sep 2026 12:05 AM","22 Oct 2026 04:00PM","Open","https://www.gebiz.gov.sg/ptn/opportunity/directlink.xhtml?docCode=PUB000ETT26000116"
"PUB000ETT26000114","Servicing and Maintenance of Screening, Sludge, Grit and Related Equipment in Water Reclamation Plants","Public Utilities Board","Facilities Management ⇒ Building, M&E Maintenance","GeBIZ","Tender (GeBIZ listing)","25 Sep 2026 12:05 AM","22 Oct 2026 04:00PM","Open","https://www.gebiz.gov.sg/ptn/opportunity/directlink.xhtml?docCode=PUB000ETT26000114"
"LTA000ETQ26000105","Two Year Term Contract for Servicing of Survey Equipment","Land Transport Authority","Services ⇒ Professional Services","GeBIZ","Quotation (GeBIZ listing)","25 Sep 2026 12:05 AM","05 Oct 2026 01:00PM","Open","https://www.gebiz.gov.sg/ptn/opportunity/directlink.xhtml?docCode=LTA000ETQ26000105"
"CCYNYCETQ26000021","PROVISION OF DESIGN, DEVELOPMENT AND DELIVERY OF CAPABILITY DEVELOPMENT WORKSHOPS, TEAM FORMATION SESSION AND COMMUNITY OF PRACTICE SESSIONS","Ministry of Culture, Community and Youth - National Youth Council","Services ⇒ Professional Services","GeBIZ","Quotation (GeBIZ listing)","25 Sep 2026 12:05 AM","05 Oct 2026 01:00PM","Open","https://www.gebiz.gov.sg/ptn/opportunity/directlink.xhtml?docCode=CCYNYCETQ26000021"
"MOMHQ0ETQ26000019","Invitation to Quote for provision of a Leaders' Lab programme for the Senior Middle Managers of the Ministry of Manpower for a base period of two year","Ministry of Manpower-Ministry Headquarter","Administration & Training ⇒ Courses","GeBIZ","Quotation (GeBIZ listing)","25 Sep 2026 12:05 AM","05 Oct 2026 01:00PM","Open","https://www.gebiz.gov.sg/ptn/opportunity/directlink.xhtml?docCode=MOMHQ0ETQ26000019"
"HLTHQ0ETQ26000017","INVITATION TO QUOTE FOR TOPOGRAPHICAL, BOUNDARY AND CADASTRAL SURVEY SERVICES FOR THE PROPOSED DEVELOPMENT OF A NURSING HOME AT BAYSHORE WALK, SINGAPO","Ministry of Health-Ministry Headquarter","Construction ⇒ Others","GeBIZ","Quotation (GeBIZ listing)","25 Sep 2026 12:05 AM","08 Oct 2026 01:00PM","Open","https://www.gebiz.gov.sg/ptn/opportunity/directlink.xhtml?docCode=HLTHQ0ETQ26000017"
"SDC000ETT26000026","PROVISION OF ACCREDITED CHECKER SERVICES FOR IMBIAH LOOKOUT WALK AT SENTOSA","Sentosa Development Corporation","Services ⇒ Professional Services","GeBIZ","Tender (GeBIZ listing)","24 Sep 2026 06:05 PM","16 Oct 2026 04:00PM","Open","https://www.gebiz.gov.sg/ptn/opportunity/directlink.xhtml?docCode=SDC000ETT26000026"
"MHA00003000029442","PROVISION OF EMERGENCY DISPATCH MEDICAL CLINICiAN SERVICES","Ministry of Home Affairs - Ministry Headquarter 1","Miscellaneous ⇒ Others","GeBIZ","","24 Sep 2026 05:50 PM","03 Nov 2026 04:00PM","Open","https://www.gebiz.gov.sg/ptn/opportunity/directlink.xhtml?docCode=MHA00003000029442"
"MOESCHETQ26004197","Provision of photocopying machines and operator to support in-house printing needs.","Ministry of Education - Schools","Administration & Training ⇒ Publications & Periodicals","GeBIZ","Quotation (GeBIZ listing)","24 Sep 2026 05:50 PM","05 Oct 2026 01:00PM","Open","https://www.gebiz.gov.sg/ptn/opportunity/directlink.xhtml?docCode=MOESCHETQ26004197"
"MOESCHETQ26004193","Supply of Conductor & 12 Instrument Instructor(s) for Band CCA Training Programme in Victoria Junior College","Ministry of Education - Schools","Services ⇒ Data Entry, Supply of Manpower Services","GeBIZ","Quotation (GeBIZ listing)","24 Sep 2026 05:20 PM","05 Oct 2026 01:00PM","Open","https://www.gebiz.gov.sg/ptn/opportunity/directlink.xhtml?docCode=MOESCHETQ26004193"
"MOESCHETQ26004176","Supply of Instructor for 2027 Band CCA Training Programme in Pasir Ris Crest Secondary School","Ministry of Education - Schools","Services ⇒ Data Entry, Supply of Manpower Services","GeBIZ","Quotation (GeBIZ listing)","24 Sep 2026 05:05 PM","05 Oct 2026 01:00PM","Open","https://www.gebiz.gov.sg/ptn/opportunity/directlink.xhtml?docCode=MOESCHETQ26004176"
"MOESCHETQ26004196","Provision for Basketball Coach for CCA Training Programme in North Vista Secondary","Ministry of Education - Schools","Administration & Training ⇒ Courses","GeBIZ","Quotation (GeBIZ listing)","24 Sep 2026 04:50 PM","05 Oct 2026 01:00PM","Open","https://www.gebiz.gov.sg/ptn/opportunity/directlink.xhtml?docCode=MOESCHETQ26004196"
"MOESCHETQ26004192","Provision for Instructor for Violin/Viola CCA Training Programme in North Vista Secondary School","Ministry of Education - Schools","Administration & Training ⇒ Music & Video","GeBIZ","Quotation (GeBIZ listing)","24 Sep 2026 04:50 PM","05 Oct 2026 01:00PM","Open","https://www.gebiz.gov.sg/ptn/opportunity/directlink.xhtml?docCode=MOESCHETQ26004192"
"MOESCHETQ26004162","NYPS - 2027 2028 String Ensemble CCA Instructor","Ministry of Education - Schools","Services ⇒ Data Entry, Supply of Manpower Services","GeBIZ","Quotation (GeBIZ listing)","24 Sep 2026 04:50 PM","05 Oct 2026 01:00PM","Open","https://www.gebiz.gov.sg/ptn/opportunity/directlink.xhtml?docCode=MOESCHETQ26004162"
"MOESCHETQ26004188","Provision for Instructor for Cello/Double Bass CCA Training Programme in North Vista Secondary","Ministry of Education - Schools","Administration & Training ⇒ Music & Video","GeBIZ","Quotation (GeBIZ listing)","24 Sep 2026 04:50 PM","05 Oct 2026 01:00PM","Open","https://www.gebiz.gov.sg/ptn/opportunity/directlink.xhtml?docCode=MOESCHETQ26004188"
"MOESCHETQ26004184","Provision for Instructor for Drama Club CCA Training Programme in North Vista Secondary School","Ministry of Education - Schools","Services ⇒ Data Entry, Supply of Manpower Services","GeBIZ","Quotation (GeBIZ listing)","24 Sep 2026 04:50 PM","05 Oct 2026 01:00PM","Open","https://www.gebiz.gov.sg/ptn/opportunity/directlink.xhtml?docCode=MOESCHETQ26004184"
"MOESCHETQ26004137","Supply of Instructors for Systems Thinking and Social Enterprise Workshop in 2027 for Tanjong Katong Girls' School","Ministry of Education - Schools","Services ⇒ Data Entry, Supply of Manpower Services","GeBIZ","Quotation (GeBIZ listing)","24 Sep 2026 04:50 PM","05 Oct 2026 01:00PM","Open","https://www.gebiz.gov.sg/ptn/opportunity/directlink.xhtml?docCode=MOESCHETQ26004137"
"MOESCHETQ26004077","Supply of Instructors for Design Thinking Workshop in 2027 for Tanjong Katong Girls' School","Ministry of Education - Schools","Services ⇒ Data Entry, Supply of Manpower Services","GeBIZ","Quotation (GeBIZ listing)","24 Sep 2026 04:50 PM","05 Oct 2026 01:00PM","Open","https://www.gebiz.gov.sg/ptn/opportunity/directlink.xhtml?docCode=MOESCHETQ26004077"
"INDACIETQ26000068","Provision to supply labour, deliver and install Wireless Access Points, Core and Edge Switches","Anglo-Chinese School (Independent)","IT&Telecommunication ⇒ Others","GeBIZ","Quotation (GeBIZ listing)","24 Sep 2026 04:35 PM","05 Oct 2026 01:00PM","Open","https://www.gebiz.gov.sg/ptn/opportunity/directlink.xhtml?docCode=INDACIETQ26000068"
"MOESCHETQ26004111","SUPPLY OF INSTRUCTOR FOR VOLLEYBALL CCA TRAINING PROGRAMME IN XINGNAN PRIMARY SCHOOL FOR 2027-2028","Ministry of Education - Schools","Services ⇒ Data Entry, Supply of Manpower Services","GeBIZ","Quotation (GeBIZ listing)","24 Sep 2026 04:35 PM","07 Oct 2026 01:00PM","Open","https://www.gebiz.gov.sg/ptn/opportunity/directlink.xhtml?docCode=MOESCHETQ26004111"
"MOESCHETQ26004190","Supply of Instructors for P2 #CrackingtheCode Module In New Town Primary School for Yr 2027","Ministry of Education - Schools","Administration & Training ⇒ Courses","GeBIZ","Quotation (GeBIZ listing)","24 Sep 2026 04:20 PM","06 Oct 2026 01:00PM","Open","https://www.gebiz.gov.sg/ptn/opportunity/directlink.xhtml?docCode=MOESCHETQ26004190"
"PUB000ETQ26000076","44260144/WRP/Engage Certification Body to Conduct Management System Audits and Risk Management Services for bizSAFE STAR for WRP Department","Public Utilities Board","Services ⇒ Professional Services","GeBIZ","Quotation (GeBIZ listing)","24 Sep 2026 04:20 PM","06 Oct 2026 01:00PM","Open","https://www.gebiz.gov.sg/ptn/opportunity/directlink.xhtml?docCode=PUB000ETQ26000076"
"MOESCHETQ26004191","Swiss Cottage Sec School: Provision of Jerseys for 5 Sports CCA for a period of 1 year from 1 Jan 2027 to 31 Dec 2027.","Ministry of Education - Schools","Services ⇒ Tailoring","GeBIZ","Quotation (GeBIZ listing)","24 Sep 2026 04:05 PM","05 Oct 2026 01:00PM","Open","https://www.gebiz.gov.sg/ptn/opportunity/directlink.xhtml?docCode=MOESCHETQ26004191"
"MOESCHETQ26004187","Supply of Instructor for Squash CCA Training Programme in St Andrew's School (Secondary)","Ministry of Education - Schools","Services ⇒ Data Entry, Supply of Manpower Services","GeBIZ","Quotation (GeBIZ listing)","24 Sep 2026 04:05 PM","05 Oct 2026 01:00PM","Open","https://www.gebiz.gov.sg/ptn/opportunity/directlink.xhtml?docCode=MOESCHETQ26004187"
"MOESCHETQ26004183","CHIJ Sec: Provision of coaching services for Media Club CCA from 2027 to 2028","Ministry of Education - Schools","Administration & Training ⇒ Courses","GeBIZ","Quotation (GeBIZ listing)","24 Sep 2026 03:50 PM","05 Oct 2026 01:00PM","Open","https://www.gebiz.gov.sg/ptn/opportunity/directlink.xhtml?docCode=MOESCHETQ26004183"
"MOESCHETQ26004165","Supply of Instructor for Floorball CCA Programme in Fern Green Primary School","Ministry of Education - Schools","Administration & Training ⇒ Courses","GeBIZ","Quotation (GeBIZ listing)","24 Sep 2026 03:50 PM","05 Oct 2026 01:00PM","Open","https://www.gebiz.gov.sg/ptn/opportunity/directlink.xhtml?docCode=MOESCHETQ26004165"
"MOESCHETQ26004186","[CCA] Provision of Modern Dance Main & Second Instructor (Base + Option year: Jan 2027 - Dec 2029)","Ministry of Education - Schools","Services ⇒ Data Entry, Supply of Manpower Services","GeBIZ","Quotation (GeBIZ listing)","24 Sep 2026 03:35 PM","05 Oct 2026 01:00PM","Open","https://www.gebiz.gov.sg/ptn/opportunity/directlink.xhtml?docCode=MOESCHETQ26004186"
"MOESCHETQ26004185","ITQ for the supply of instructor for 2 years Table-Tennis CCA training programme in Anglo-Chinese Junior College with option to extend 2 years","Ministry of Education - Schools","Services ⇒ Data Entry, Supply of Manpower Services","GeBIZ","Quotation (GeBIZ listing)","24 Sep 2026 03:20 PM","05 Oct 2026 01:00PM","Open","https://www.gebiz.gov.sg/ptn/opportunity/directlink.xhtml?docCode=MOESCHETQ26004185"
"MOESCHETQ26004178","Swiss Cottage Secondary School - Supply of an Instructor for the Girls' Badminton CCA from 1 Jan 2027 to 31 Dec 2028.","Ministry of Education - Schools","Administration & Training ⇒ Courses","GeBIZ","Quotation (GeBIZ listing)","24 Sep 2026 03:20 PM","05 Oct 2026 01:00PM","Open","https://www.gebiz.gov.sg/ptn/opportunity/directlink.xhtml?docCode=MOESCHETQ26004178"
"MOESCHETQ26004171","Provision of Primary 3 One-Day Non-Residential Adventure Camp for North Spring Primary School","Ministry of Education - Schools","Administration & Training ⇒ Courses","GeBIZ","Quotation (GeBIZ listing)","24 Sep 2026 03:20 PM","05 Oct 2026 01:00PM","Open","https://www.gebiz.gov.sg/ptn/opportunity/directlink.xhtml?docCode=MOESCHETQ26004171"
"MOESCHETQ26004156","Provision of Primary 2 One-Day Non-Residential Exploration Camp for North Spring Primary School","Ministry of Education - Schools","Administration & Training ⇒ Courses","GeBIZ","Quotation (GeBIZ listing)","24 Sep 2026 03:20 PM","05 Oct 2026 01:00PM","Open","https://www.gebiz.gov.sg/ptn/opportunity/directlink.xhtml?docCode=MOESCHETQ26004156"
"MOESCHETQ26004170","CHIJ Sec: Provision of coaching services for Netball Recreation CCA from 2027 to 2030","Ministry of Education - Schools","Services ⇒ Data Entry, Supply of Manpower Services","GeBIZ","Quotation (GeBIZ listing)","24 Sep 2026 02:50 PM","05 Oct 2026 01:00PM","Open","https://www.gebiz.gov.sg/ptn/opportunity/directlink.xhtml?docCode=MOESCHETQ26004170"
"MOESCHETQ26004160","Provision of Ad hoc Bus Transportation for Woodlands Ring Primary School","Ministry of Education - Schools","Transportation ⇒ Bus Hire","GeBIZ","Quotation (GeBIZ listing)","24 Sep 2026 02:50 PM","05 Oct 2026 01:00PM","Open","https://www.gebiz.gov.sg/ptn/opportunity/directlink.xhtml?docCode=MOESCHETQ26004160"
"MOESCHETQ26004166","SUPPLY OF INSTRUCTORS FOR ART CLUB CCA IN 2027 WITH OPTION TO RENEW IN 2028 AND 2029","Ministry of Education - Schools","Services ⇒ Data Entry, Supply of Manpower Services","GeBIZ","Quotation (GeBIZ listing)","24 Sep 2026 02:50 PM","05 Oct 2026 01:00PM","Open","https://www.gebiz.gov.sg/ptn/opportunity/directlink.xhtml?docCode=MOESCHETQ26004166"
"MOESCHETQ26004163","SUPPLY OF INSTRUCTORS FOR CHINESE DANCE CCA IN 2027 WITH OPTION TO RENEW IN 2028 AND 2029","Ministry of Education - Schools","Services ⇒ Data Entry, Supply of Manpower Services","GeBIZ","Quotation (GeBIZ listing)","24 Sep 2026 02:50 PM","05 Oct 2026 01:00PM","Open","https://www.gebiz.gov.sg/ptn/opportunity/directlink.xhtml?docCode=MOESCHETQ26004163"
"MOESCHETQ26004161","SUPPLY OF INSTRUCTORS FOR INDIAN DANCE CCA IN 2027 WITH OPTION TO RENEW IN 2028 AND 2029","Ministry of Education - Schools","Services ⇒ Data Entry, Supply of Manpower Services","GeBIZ","Quotation (GeBIZ listing)","24 Sep 2026 02:50 PM","05 Oct 2026 01:00PM","Open","https://www.gebiz.gov.sg/ptn/opportunity/directlink.xhtml?docCode=MOESCHETQ26004161"
"MOESCHETQ26004159","SUPPLY OF INSTRUCTORS FOR MODERN DANCE CCA IN 2027 WITH OPTION TO RENEW IN 2028 AND 2029","Ministry of Education - Schools","Services ⇒ Data Entry, Supply of Manpower Services","GeBIZ","Quotation (GeBIZ listing)","24 Sep 2026 02:50 PM","05 Oct 2026 01:00PM","Open","https://www.gebiz.gov.sg/ptn/opportunity/directlink.xhtml?docCode=MOESCHETQ26004159"
"MOESCHETQ26004153","PROVISION OF AD-HOC BUS SERVICE FOR WOODGROVE PRIMARY SCHOOL FOR 2027 WITH OPTION TO RENEW FOR 2028","Ministry of Education - Schools","Transportation ⇒ Bus Hire","GeBIZ","Quotation (GeBIZ listing)","24 Sep 2026 02:50 PM","05 Oct 2026 01:00PM","Open","https://www.gebiz.gov.sg/ptn/opportunity/directlink.xhtml?docCode=MOESCHETQ26004153"
"MOESCHETQ26004095","Supply 2 Basketball Instructors for CCA Programme 2027","Ministry of Education - Schools","Services ⇒ Data Entry, Supply of Manpower Services","GeBIZ","Quotation (GeBIZ listing)","24 Sep 2026 02:35 PM","05 Oct 2026 01:00PM","Open","https://www.gebiz.gov.sg/ptn/opportunity/directlink.xhtml?docCode=MOESCHETQ26004095"
"INDHCIETQ26000071","Supply of Instructor for Chinese Orchestra- Erhu, Gaohu, Zhonghu CCA Training Programme in Hwa Chong Institution","Hwa Chong Institution","Administration & Training ⇒ Courses","GeBIZ","Quotation (GeBIZ listing)","24 Sep 2026 02:20 PM","05 Oct 2026 01:00PM","Open","https://www.gebiz.gov.sg/ptn/opportunity/directlink.xhtml?docCode=INDHCIETQ26000071"
"MOESCHETQ26004148","Provision of instructors for Chinese Orchestra CCA Training Programme for 2027 with option year for 2028 in Holy Innocents' High School","Ministry of Education - Schools","Services ⇒ Data Entry, Supply of Manpower Services","GeBIZ","Quotation (GeBIZ listing)","24 Sep 2026 02:05 PM","05 Oct 2026 01:00PM","Open","https://www.gebiz.gov.sg/ptn/opportunity/directlink.xhtml?docCode=MOESCHETQ26004148"
"MOESCHETQ26004168","CCA : Coaching fees for Concert Band CCA for 2027 with Option Year for 2028 for Holy Innocents' High School","Ministry of Education - Schools","Services ⇒ Data Entry, Supply of Manpower Services","GeBIZ","Quotation (GeBIZ listing)","24 Sep 2026 02:05 PM","05 Oct 2026 01:00PM","Open","https://www.gebiz.gov.sg/ptn/opportunity/directlink.xhtml?docCode=MOESCHETQ26004168"
